Algorithm,Total_Delay_D,Avg_QoS_Q,Comp_Delay,Comm_Delay,Mem_Utilization,Penalty_Score,Fitness,Converged_Status,Experiment,Variable_Value,Replicate,Replicate_Seed
our,0.11310811755153788,3.899689759979161,0.05957098744949705,0.05353713010204083,0.9280073733333334,0.0,3.334149172221472,"{'congested': False, 'oom': False}",arrival_rate,200,0,42
ffd-m,0.2716610101574932,4.536576583726487,0.2137110101574932,0.05795,0.7861489711111112,0.0,3.1782715329390205,"{'congested': False, 'oom': False}",arrival_rate,200,0,42
cds-m,0.2716610101574932,4.536576583726487,0.2137110101574932,0.05795,0.7861489711111112,0.0,3.1782715329390205,"{'congested': False, 'oom': False}",arrival_rate,200,0,42
random-m,0.2664901768241598,4.536576583726487,0.21371101015749316,0.05277916666666666,0.7861489711111112,0.0,3.2041256996056875,"{'congested': False, 'oom': False}",arrival_rate,200,0,42
greedy-m,0.2627443434908265,4.536576583726487,0.21371101015749316,0.049033333333333325,0.7861489711111112,0.0,3.222854866272354,"{'congested': False, 'oom': False}",arrival_rate,200,0,42
lego,0.2716610101574932,4.536576583726487,0.2137110101574932,0.05795,0.7861489711111112,0.0,3.1782715329390205,"{'congested': False, 'oom': False}",arrival_rate,200,0,42
drs,0.2581054546019376,4.536576583726487,0.21371101015749316,0.04439444444444445,0.7861489711111112,0.0,3.2460493107167987,"{'congested': False, 'oom': False}",arrival_rate,200,0,42
our,0.09320463856118338,3.4828305605965015,0.05261854497223264,0.04058609358895074,0.8771156444444445,1000.0,-996.9831926322095,"{'congested': True, 'oom': False}",arrival_rate,300,0,42
ffd-m,1.749335612193506,4.511956932584149,1.6915489455268393,0.05778666666666667,0.9755825311111112,806546.2857802922,-806550.5205014206,"{'congested': True, 'oom': False}",arrival_rate,300,0,42
cds-m,1.7495622788601726,4.511956932584149,1.6915489455268393,0.05801333333333334,0.9755825311111112,806546.2857802922,-806550.5216347539,"{'congested': True, 'oom': False}",arrival_rate,300,0,42
random-m,0.8404713492473651,4.536380746521603,0.7851463492473651,0.055325,0.9674314288888889,515665.21743392665,-515664.8834099264,"{'congested': True, 'oom': False}",arrival_rate,300,0,42
greedy-m,1.3157630828344622,4.536380746521603,1.2608464161677955,0.054916666666666676,0.9685413622222222,354569.3055927974,-354571.34802746505,"{'congested': True, 'oom': False}",arrival_rate,300,0,42
lego,1.7495622788601726,4.511956932584149,1.6915489455268393,0.05801333333333334,0.9755825311111112,806546.2857802922,-806550.5216347539,"{'congested': True, 'oom': False}",arrival_rate,300,0,42
drs,0.8362880159140318,4.536380746521603,0.7851463492473651,0.051141666666666676,0.9674314288888889,515665.21743392665,-515664.8624932597,"{'congested': True, 'oom': False}",arrival_rate,300,0,42
our,0.09833156401949,3.3841894417581053,0.0583663089174492,0.03996525510204081,0.9185326577777778,1000.0,-997.1074683783394,"{'congested': True, 'oom': False}",arrival_rate,400,0,42
ffd-m,1.80471992308616,4.5218641238419846,1.75106992308616,0.053649999999999996,0.9781505488888889,1358027.4635210424,-1358031.965256534,"{'congested': True, 'oom': False}",arrival_rate,400,0,42
cds-m,1.8139976660100428,4.525179436482694,1.7617167136290903,0.052280952380952386,0.9781505488888889,1427950.4356835692,-1427954.9804924626,"{'congested': True, 'oom': False}",arrival_rate,400,0,42
random-m,1.3512645718984337,4.536576583726487,1.297252667136529,0.054011904761904754,0.9423394088888889,1973380.9862946058,-1973383.2060408816,"{'congested': True, 'oom': False}",arrival_rate,400,0,42
greedy-m,1.3538098099936717,4.536576583726487,1.297252667136529,0.05655714285714286,0.9423394088888889,1973380.9862946058,-1973383.218767072,"{'congested': True, 'oom': False}",arrival_rate,400,0,42
lego,1.8139976660100428,4.525179436482694,1.7617167136290903,0.052280952380952386,0.9781505488888889,1427950.4356835692,-1427954.9804924626,"{'congested': True, 'oom': False}",arrival_rate,400,0,42
drs,1.350004651263513,4.536576583726487,1.297252667136529,0.05275198412698412,0.9423394088888889,1369523.1018642662,-1369525.3153109387,"{'congested': True, 'oom': False}",arrival_rate,400,0,42
our,0.103910237855576,3.3388148534989988,0.06355803309367124,0.040352204761904764,0.94477622,1000.0,-997.1807363357789,"{'congested': True, 'oom': False}",arrival_rate,500,0,42
ffd-m,2.3360164676283803,4.498592742699042,2.282732023183936,0.053284444444444454,0.9744015333333333,4598469.257942819,-4598476.439432414,"{'congested': True, 'oom': False}",arrival_rate,500,0,42
cds-m,2.338643134295047,4.498592742699042,2.282732023183936,0.05591111111111112,0.9744015333333333,4598469.257942819,-4598476.452565748,"{'congested': True, 'oom': False}",arrival_rate,500,0,42
random-m,1.7695435676770777,4.491572777827568,1.7146824565659666,0.05486111111111111,0.9900501422222222,3415169.5790907023,-3415173.935235763,"{'congested': True, 'oom': False}",arrival_rate,500,0,42
greedy-m,1.7695435676770777,4.491572777827568,1.7146824565659666,0.05486111111111111,0.9900501422222222,3415169.5790907023,-3415173.935235763,"{'congested': True, 'oom': False}",arrival_rate,500,0,42
lego,2.338643134295047,4.498592742699042,2.282732023183936,0.05591111111111112,0.9744015333333333,4598469.257942819,-4598476.452565748,"{'congested': True, 'oom': False}",arrival_rate,500,0,42
drs,2.3378053565172694,4.498592742699042,2.282732023183936,0.055073333333333335,0.9888377488888889,3450469.257942818,-3450476.448376858,"{'congested': True, 'oom': False}",arrival_rate,500,0,42
our,0.15293863010254388,3.1435433930106234,0.1128769330941951,0.040061697008348794,0.95792668,1000.0,-997.621149757502,"{'congested': True, 'oom': False}",arrival_rate,600,0,42
ffd-m,2.6455965510776354,4.470405259875499,2.585229884410969,0.06036666666666666,0.9360177,6064469.25794282,-6064478.015520316,"{'congested': True, 'oom': False}",arrival_rate,600,0,42
cds-m,2.6455965510776354,4.470405259875499,2.585229884410969,0.06036666666666666,0.9360177,6064469.25794282,-6064478.015520316,"{'congested': True, 'oom': False}",arrival_rate,600,0,42
random-m,1.7649658276269726,3.911549489548487,1.728159160960306,0.03680666666666667,0.9215062444444444,3643546.2857802915,-3643551.19905994,"{'congested': True, 'oom': False}",arrival_rate,600,0,42
greedy-m,2.2493977254395925,4.47741606030197,2.1939518921062593,0.05544583333333333,0.9781139533333333,4417169.579090702,-4417176.34866327,"{'congested': True, 'oom': False}",arrival_rate,600,0,42
lego,2.6455965510776354,4.470405259875499,2.585229884410969,0.06036666666666666,0.9360177,6064469.25794282,-6064478.015520316,"{'congested': True, 'oom': False}",arrival_rate,600,0,42
drs,1.7649658276269726,3.911549489548487,1.728159160960306,0.03680666666666667,0.9215062444444444,3643546.2857802915,-3643551.19905994,"{'congested': True, 'oom': False}",arrival_rate,600,0,42
our,0.8815095496263895,3.054802862000991,0.8409648976584595,0.040544651967930036,0.9470358022222222,29054.630773295008,-29055.98351818114,"{'congested': True, 'oom': False}",arrival_rate,700,0,42
ffd-m,2.7222343823304738,4.4878390220487105,2.6603915251876167,0.06184285714285714,0.9360856911111111,7792185.026803501,-7792194.150136391,"{'congested': True, 'oom': False}",arrival_rate,700,0,42
cds-m,2.7222343823304738,4.4878390220487105,2.6603915251876167,0.06184285714285714,0.9360856911111111,7792185.026803501,-7792194.150136391,"{'congested': True, 'oom': False}",arrival_rate,700,0,42
random-m,2.4983006437023,4.470328386062892,2.442721500845157,0.05557914285714284,0.9731525444444444,7673296.137914609,-7673304.159089441,"{'congested': True, 'oom': False}",arrival_rate,700,0,42
greedy-m,2.5773224719580043,4.477332640457219,2.522591900529433,0.05473057142857141,0.9863763666666666,7673296.137914609,-7673304.547194328,"{'congested': True, 'oom': False}",arrival_rate,700,0,42
lego,2.7222343823304738,4.4878390220487105,2.6603915251876167,0.06184285714285714,0.9360856911111111,7792185.026803501,-7792194.150136391,"{'congested': True, 'oom': False}",arrival_rate,700,0,42
drs,2.4939113738610295,4.470328386062891,2.4427215008451566,0.05118987301587302,0.9731525444444444,7673296.137914609,-7673304.137143092,"{'congested': True, 'oom': False}",arrival_rate,700,0,42
our,0.8516357304388107,3.158738793185455,0.8110539277177222,0.04058180272108843,0.8979283311111111,642768.9164875809,-642770.0159274399,"{'congested': True, 'oom': False}",arrival_rate,800,0,42
ffd-m,3.1229691059111127,4.472157959982116,3.061744105911113,0.061225,0.9467728911111111,9195173.086698217,-9195184.229385788,"{'congested': True, 'oom': False}",arrival_rate,800,0,42
cds-m,3.1229691059111127,4.472157959982116,3.061744105911113,0.061225,0.9467728911111111,9195173.086698217,-9195184.229385788,"{'congested': True, 'oom': False}",arrival_rate,800,0,42
random-m,3.0384603985123486,4.480045110461897,2.987573731845682,0.05088666666666667,0.9889443844444444,7572953.943291087,-7572964.655547969,"{'congested': True, 'oom': False}",arrival_rate,800,0,42
greedy-m,2.5201000808513982,3.9129516496337815,2.479866747518065,0.040233333333333336,0.9322614355555555,6506805.693721545,-6506814.3812703,"{'congested': True, 'oom': False}",arrival_rate,800,0,42
lego,3.1229691059111127,4.472157959982116,3.061744105911113,0.061225,0.9467728911111111,9195173.086698217,-9195184.229385788,"{'congested': True, 'oom': False}",arrival_rate,800,0,42
drs,3.0429753985123487,4.480045110461897,2.987573731845682,0.05540166666666667,0.9889443844444444,7572953.943291087,-7572964.678122968,"{'congested': True, 'oom': False}",arrival_rate,800,0,42
our,0.07777295386728307,3.076328524459863,0.04060993497083561,0.037163018896447464,0.9826890911111111,1000.0,-997.3125362448766,"{'congested': True, 'oom': False}",arrival_rate,200,1,43
ffd-m,0.3088304434897704,4.508860396172682,0.2653929434897704,0.0434375,0.9413829733333333,0.0,2.9647081787238294,"{'congested': False, 'oom': False}",arrival_rate,200,1,43
cds-m,0.30834294348977037,4.508860396172682,0.2653929434897704,0.042949999999999995,0.9413829733333333,0.0,2.9671456787238295,"{'congested': False, 'oom': False}",arrival_rate,200,1,43
random-m,0.8725982377334212,4.508860396172682,0.8269482377334212,0.045649999999999996,0.8646446533333333,119822.3555379239,-119822.20966871639,"{'congested': True, 'oom': False}",arrival_rate,200,1,43
greedy-m,0.3174804434897704,4.508860396172682,0.2653929434897704,0.0520875,0.9413829733333333,0.0,2.92145817872383,"{'congested': False, 'oom': False}",arrival_rate,200,1,43
lego,0.30834294348977037,4.508860396172682,0.2653929434897704,0.042949999999999995,0.9413829733333333,0.0,2.9671456787238295,"{'congested': False, 'oom': False}",arrival_rate,200,1,43
drs,0.8746107377334211,4.508860396172682,0.8269482377334212,0.0476625,0.8646446533333333,119822.3555379239,-119822.21973121639,"{'congested': True, 'oom': False}",arrival_rate,200,1,43
our,0.09111455972727395,3.0455490361279036,0.0521398870137441,0.038974672713529855,0.9455350888888889,1000.0,-997.4100237625084,"{'congested': True, 'oom': False}",arrival_rate,300,1,43
ffd-m,0.8650541925013268,4.4124264167247995,0.8163653036124379,0.04868888888888889,0.9782788511111111,563701.8576015793,-563701.7704461251,"{'congested': True, 'oom': False}",arrival_rate,300,1,43
cds-m,0.8650541925013268,4.4124264167247995,0.8163653036124379,0.04868888888888889,0.9782788511111111,563701.8576015793,-563701.7704461251,"{'congested': True, 'oom': False}",arrival_rate,300,1,43
random-m,0.8678964124538546,4.434925098307494,0.8150408568982991,0.05285555555555555,0.9782788511111111,563701.8576015793,-563701.7621585432,"{'congested': True, 'oom': False}",arrival_rate,300,1,43
greedy-m,1.0183607697183141,4.4423196759835255,0.9666411030516475,0.05171966666666667,0.9802385844444444,563701.8576015793,-563702.5070857519,"{'congested': True, 'oom': False}",arrival_rate,300,1,43
lego,0.8650541925013268,4.4124264167247995,0.8163653036124379,0.04868888888888889,0.9782788511111111,563701.8576015793,-563701.7704461251,"{'congested': True, 'oom': False}",arrival_rate,300,1,43
drs,0.9634916984039954,4.444432412462392,0.9118123333246303,0.051679365079365075,0.9412119977777778,563701.8576015793,-563702.2306276589,"{'congested': True, 'oom': False}",arrival_rate,300,1,43
our,0.09385209423986253,3.013833930270178,0.056052887890656176,0.03779920634920635,0.9341719866666667,1000.0,-997.4554265409291,"{'congested': True, 'oom': False}",arrival_rate,400,1,43
ffd-m,2.9356647311520376,4.438401489655116,2.887494173300798,0.048170557851239665,0.9779940466666667,3873133.9254322406,-3873144.165354407,"{'congested': True, 'oom': False}",arrival_rate,400,1,43
cds-m,2.94105450387931,4.489951492790937,2.887494173300798,0.053560330578512394,0.9912178688888889,3996843.245599623,-3996853.4609206496,"{'congested': True, 'oom': False}",arrival_rate,400,1,43
random-m,2.975456579361366,4.442453397522633,2.922146079361366,0.05331050000000001,0.9277033711111111,3873133.9254322406,-3873144.3602617397,"{'congested': True, 'oom': False}",arrival_rate,400,1,43
greedy-m,2.94105450387931,4.489951492790937,2.887494173300798,0.053560330578512394,0.9912178688888889,3996843.245599623,-3996853.4609206496,"{'congested': True, 'oom': False}",arrival_rate,400,1,43
lego,2.94105450387931,4.489951492790937,2.887494173300798,0.053560330578512394,0.9912178688888889,3996843.245599623,-3996853.4609206496,"{'congested': True, 'oom': False}",arrival_rate,400,1,43
drs,2.9356647311520376,4.438401489655116,2.887494173300798,0.048170557851239665,0.9779940466666667,3873133.9254322406,-3873144.165354407,"{'congested': True, 'oom': False}",arrival_rate,400,1,43
our,0.12093987531243394,2.9658671307491087,0.08299399095869245,0.037945884353741494,0.9539803844444444,1000.0,-997.6388322458131,"{'congested': True, 'oom': False}",arrival_rate,500,1,43
ffd-m,3.9364937985398885,4.430115970975102,3.8819071318732217,0.05458666666666667,0.9873575422222223,6713622.262397737,-6713637.514750759,"{'congested': True, 'oom': False}",arrival_rate,500,1,43
cds-m,3.9364937985398885,4.430115970975102,3.8819071318732217,0.05458666666666667,0.9873575422222223,6713622.262397737,-6713637.514750759,"{'congested': True, 'oom': False}",arrival_rate,500,1,43
random-m,3.9364937985398885,4.430115970975102,3.8819071318732217,0.05458666666666667,0.9873575422222223,6713622.262397737,-6713637.514750759,"{'congested': True, 'oom': False}",arrival_rate,500,1,43
greedy-m,3.9364937985398885,4.430115970975102,3.8819071318732217,0.05458666666666667,0.9873575422222223,6713622.262397737,-6713637.514750759,"{'congested': True, 'oom': False}",arrival_rate,500,1,43
lego,3.9364937985398885,4.430115970975102,3.8819071318732217,0.05458666666666667,0.9873575422222223,6713622.262397737,-6713637.514750759,"{'congested': True, 'oom': False}",arrival_rate,500,1,43
drs,3.9364937985398885,4.430115970975102,3.8819071318732217,0.05458666666666667,0.9873575422222223,6713622.262397737,-6713637.514750759,"{'congested': True, 'oom': False}",arrival_rate,500,1,43
our,0.6123082040255976,2.802719239327991,0.5740837503218938,0.038224453703703705,0.90820776,1000.0,-1000.2588217808,"{'congested': True, 'oom': False}",arrival_rate,600,1,43
ffd-m,4.0380916227626455,4.430072567927443,3.983491622762646,0.0546,0.9873575422222223,9715944.617935665,-9715960.37832121,"{'congested': True, 'oom': False}",arrival_rate,600,1,43
cds-m,4.0380916227626455,4.430072567927443,3.983491622762646,0.0546,0.9873575422222223,9715944.617935665,-9715960.37832121,"{'congested': True, 'oom': False}",arrival_rate,600,1,43
random-m,4.0380916227626455,4.430072567927443,3.983491622762646,0.0546,0.9873575422222223,9715944.617935665,-9715960.37832121,"{'congested': True, 'oom': False}",arrival_rate,600,1,43
greedy-m,4.0380916227626455,4.430072567927443,3.983491622762646,0.0546,0.9873575422222223,9715944.617935665,-9715960.37832121,"{'congested': True, 'oom': False}",arrival_rate,600,1,43
lego,4.0380916227626455,4.430072567927443,3.983491622762646,0.0546,0.9873575422222223,9715944.617935665,-9715960.37832121,"{'congested': True, 'oom': False}",arrival_rate,600,1,43
drs,4.0380916227626455,4.430072567927443,3.983491622762646,0.0546,0.9873575422222223,9715944.617935665,-9715960.37832121,"{'congested': True, 'oom': False}",arrival_rate,600,1,43
our,0.36678745982813377,2.871112466431377,0.3295390685097016,0.03724839131843214,0.9619410422222222,31798.260920712084,-31797.223745544794,"{'congested': True, 'oom': False}",arrival_rate,700,1,43
ffd-m,4.079826660506023,4.430041565750543,4.025217136696499,0.05460952380952381,0.9873575422222223,12765111.284602325,-12765127.253694063,"{'congested': True, 'oom': False}",arrival_rate,700,1,43
cds-m,4.079826660506023,4.430041565750543,4.025217136696499,0.05460952380952381,0.9873575422222223,12765111.284602325,-12765127.253694063,"{'congested': True, 'oom': False}",arrival_rate,700,1,43
random-m,4.079826660506023,4.430041565750543,4.025217136696499,0.05460952380952381,0.9873575422222223,12765111.284602325,-12765127.253694063,"{'congested': True, 'oom': False}",arrival_rate,700,1,43
greedy-m,4.079826660506023,4.430041565750543,4.025217136696499,0.05460952380952381,0.9873575422222223,12765111.284602325,-12765127.253694063,"{'congested': True, 'oom': False}",arrival_rate,700,1,43
lego,4.079826660506023,4.430041565750543,4.025217136696499,0.05460952380952381,0.9873575422222223,12765111.284602325,-12765127.253694063,"{'congested': True, 'oom': False}",arrival_rate,700,1,43
drs,4.079826660506023,4.430041565750543,4.025217136696499,0.05460952380952381,0.9873575422222223,12765111.284602325,-12765127.253694063,"{'congested': True, 'oom': False}",arrival_rate,700,1,43
our,5.8671489668960755,2.857105802874748,5.829194184488668,0.037954782407407406,0.9380907555555555,474589.56637428177,-474616.04501331336,"{'congested': True, 'oom': False}",arrival_rate,800,1,43
ffd-m,4.299435467027645,4.430072567927443,4.244835467027645,0.0546,0.9873575422222223,15711444.617935672,-15711461.68504044,"{'congested': True, 'oom': False}",arrival_rate,800,1,43
cds-m,4.299435467027645,4.430072567927443,4.244835467027645,0.0546,0.9873575422222223,15711444.617935672,-15711461.68504044,"{'congested': True, 'oom': False}",arrival_rate,800,1,43
random-m,4.299435467027645,4.430072567927443,4.244835467027645,0.0546,0.9873575422222223,15711444.617935672,-15711461.68504044,"{'congested': True, 'oom': False}",arrival_rate,800,1,43
greedy-m,4.299435467027645,4.430072567927443,4.244835467027645,0.0546,0.9873575422222223,15711444.617935672,-15711461.68504044,"{'congested': True, 'oom': False}",arrival_rate,800,1,43
lego,4.299435467027645,4.430072567927443,4.244835467027645,0.0546,0.9873575422222223,15711444.617935672,-15711461.68504044,"{'congested': True, 'oom': False}",arrival_rate,800,1,43
drs,4.299435467027645,4.430072567927443,4.244835467027645,0.0546,0.9873575422222223,15711444.617935672,-15711461.68504044,"{'congested': True, 'oom': False}",arrival_rate,800,1,43
our,0.15599262055498272,3.849018523094618,0.10213176341212557,0.053860857142857155,0.9778161622222222,0.0,3.069055420319704,"{'congested': False, 'oom': False}",arrival_rate,200,2,44
ffd-m,0.2996686655570408,4.407836006092045,0.2581326655570408,0.041536000000000003,0.9180369155555556,0.0,2.9094926783068407,"{'congested': False, 'oom': False}",arrival_rate,200,2,44
cds-m,0.2996686655570408,4.407836006092045,0.2581326655570408,0.041536000000000003,0.9180369155555556,0.0,2.9094926783068407,"{'congested': False, 'oom': False}",arrival_rate,200,2,44
random-m,0.30747733222370743,4.407836006092045,0.25813266555704073,0.049344666666666676,0.9180369155555556,0.0,2.8704493449735073,"{'congested': False, 'oom': False}",arrival_rate,200,2,44
greedy-m,0.3110173322237074,4.407836006092045,0.25813266555704073,0.05288466666666668,0.9180369155555556,0.0,2.8527493449735077,"{'congested': False, 'oom': False}",arrival_rate,200,2,44
lego,0.2996686655570408,4.407836006092045,0.2581326655570408,0.041536000000000003,0.9180369155555556,0.0,2.9094926783068407,"{'congested': False, 'oom': False}",arrival_rate,200,2,44
drs,0.31027399889037405,4.407836006092045,0.25813266555704073,0.05214133333333333,0.9180369155555556,0.0,2.8564660116401743,"{'congested': False, 'oom': False}",arrival_rate,200,2,44
our,0.13753488140098236,3.361870296385743,0.09622006658616755,0.04131481481481481,0.9289462133333334,1000.0,-997.3258041106192,"{'congested': True, 'oom': False}",arrival_rate,300,2,44
ffd-m,0.852368358153953,4.369089317010046,0.8001375191516854,0.052230839002267576,0.9851613733333333,693922.9721625269,-693922.8649150006,"{'congested': True, 'oom': False}",arrival_rate,300,2,44
cds-m,0.8514667708523657,4.369089317010046,0.8001375191516854,0.05132925170068027,0.9851613733333333,693922.9721625269,-693922.8604070642,"{'congested': True, 'oom': False}",arrival_rate,300,2,44
random-m,0.8357262657748467,4.371763553213835,0.7863032876947257,0.049422978080120944,0.9851613733333333,891857.8844303393,-891857.691298115,"{'congested': True, 'oom': False}",arrival_rate,300,2,44
greedy-m,0.8264522761924143,4.345130839362161,0.7724690562377658,0.053983219954648526,0.9587137288888888,693922.9721625269,-693922.7592930685,"{'congested': True, 'oom': False}",arrival_rate,300,2,44
lego,0.8514667708523657,4.369089317010046,0.8001375191516854,0.05132925170068027,0.9851613733333333,693922.9721625269,-693922.8604070642,"{'congested': True, 'oom': False}",arrival_rate,300,2,44
drs,0.3024375947374751,3.891271936802861,0.26013751915168526,0.042300075585789874,0.9216468755555556,1000.0,-997.6209160368845,"{'congested': True, 'oom': False}",arrival_rate,300,2,44
our,0.24820051969243767,3.249955553484785,0.20614786537145,0.04205265432098766,0.9293514488888889,1000.0,-997.9910470449774,"{'congested': True, 'oom': False}",arrival_rate,400,2,44
ffd-m,2.435711224583347,4.3345804874995135,2.3809775579166805,0.05473366666666667,0.9934854755555556,2785423.791578272,-2785431.635553907,"{'congested': True, 'oom': False}",arrival_rate,400,2,44
cds-m,2.435711224583347,4.3345804874995135,2.3809775579166805,0.05473366666666667,0.9934854755555556,2785423.791578272,-2785431.635553907,"{'congested': True, 'oom': False}",arrival_rate,400,2,44
random-m,1.634348126717459,4.342952208008771,1.5814739044952368,0.05287422222222223,0.9822966266666666,3320051.6679510907,-3320055.4967395165,"{'congested': True, 'oom': False}",arrival_rate,400,2,44
greedy-m,2.4333912245833473,4.3345804874995135,2.3809775579166805,0.05241366666666667,0.9934854755555556,2562071.0630980157,-2562078.895473651,"{'congested': True, 'oom': False}",arrival_rate,400,2,44
lego,2.435711224583347,4.3345804874995135,2.3809775579166805,0.05473366666666667,0.9934854755555556,2785423.791578272,-2785431.635553907,"{'congested': True, 'oom': False}",arrival_rate,400,2,44
drs,1.6338447933841258,4.342952208008771,1.5814739044952368,0.0523708888888889,0.9822966266666666,3320051.6679510907,-3320055.4942228496,"{'congested': True, 'oom': False}",arrival_rate,400,2,44
our,0.5240613841403164,3.1765471744256573,0.4830979328931509,0.040963451247165536,0.9028383688888889,85064.34789428278,-85063.79165402906,"{'congested': True, 'oom': False}",arrival_rate,500,2,44
ffd-m,2.4695529186391774,4.332438118299011,2.4208831665730615,0.04866975206611571,0.9935879355555556,5973692.777017322,-5973700.792343797,"{'congested': True, 'oom': False}",arrival_rate,500,2,44
cds-m,2.4695529186391774,4.332438118299011,2.4208831665730615,0.04866975206611571,0.9935879355555556,5973692.777017322,-5973700.792343797,"{'congested': True, 'oom': False}",arrival_rate,500,2,44
random-m,1.8669561999634414,4.326355592838098,1.8127065999634415,0.0542496,0.9847966533333333,4480051.66795109,-4480056.676376497,"{'congested': True, 'oom': False}",arrival_rate,500,2,44
greedy-m,1.8669561999634414,4.326355592838098,1.8127065999634415,0.0542496,0.9847966533333333,4480051.66795109,-4480056.676376497,"{'congested': True, 'oom': False}",arrival_rate,500,2,44
lego,2.4695529186391774,4.332438118299011,2.4208831665730615,0.04866975206611571,0.9935879355555556,5973692.777017322,-5973700.792343797,"{'congested': True, 'oom': False}",arrival_rate,500,2,44
drs,1.8657647999634415,4.326355592838098,1.8127065999634415,0.053058200000000014,0.9847966533333333,4480051.66795109,-4480056.670419497,"{'congested': True, 'oom': False}",arrival_rate,500,2,44
our,1.3469707025051598,3.0931727750429667,1.3047917227587158,0.04217897974644403,0.9487145066666667,433721.04560947785,-433724.68729021534,"{'congested': True, 'oom': False}",arrival_rate,600,2,44
ffd-m,3.176084797935427,4.317075980980157,3.123700500414766,0.05238429752066116,0.9815765066666666,7914177.751927905,-7914189.315275913,"{'congested': True, 'oom': False}",arrival_rate,600,2,44
cds-m,3.176084797935427,4.317075980980157,3.123700500414766,0.05238429752066116,0.9815765066666666,7914177.751927905,-7914189.315275913,"{'congested': True, 'oom': False}",arrival_rate,600,2,44
random-m,3.266503836596062,4.324686635988573,3.2115574178632795,0.05494641873278237,0.9802888733333334,9026825.023447646,-9026837.031280193,"{'congested': True, 'oom': False}",arrival_rate,600,2,44
greedy-m,1.9921989523639065,3.8502517691184597,1.9506336190305733,0.041565333333333336,0.9256394555555556,3503405.291320703,-3503411.4020636957,"{'congested': True, 'oom': False}",arrival_rate,600,2,44
lego,3.176084797935427,4.317075980980157,3.123700500414766,0.05238429752066116,0.9815765066666666,7914177.751927905,-7914189.315275913,"{'congested': True, 'oom': False}",arrival_rate,600,2,44
drs,3.2972330924829194,4.3262087669902565,3.243135536927364,0.05409755555555555,0.9847214133333333,6253069.372549459,-6253081.532506155,"{'congested': True, 'oom': False}",arrival_rate,600,2,44
our,2.265106645778525,3.21325192681625,2.2227150981594774,0.04239154761904762,0.9304438755555555,1450618.7268370937,-1450626.8391183957,"{'congested': True, 'oom': False}",arrival_rate,700,2,44
ffd-m,3.212132860000879,4.3169646783611775,3.1602667442984,0.05186611570247934,0.9815012666666667,11194279.568902193,-11194291.312601814,"{'congested': True, 'oom': False}",arrival_rate,700,2,44
cds-m,3.212132860000879,4.3169646783611775,3.1602667442984,0.05186611570247934,0.9815012666666667,11194279.568902193,-11194291.312601814,"{'congested': True, 'oom': False}",arrival_rate,700,2,44
random-m,2.7075149819835507,3.8501482027192875,2.6657511646852026,0.04176381729834791,0.9400756711111111,4694395.322369229,-4694405.009795936,"{'congested': True, 'oom': False}",arrival_rate,700,2,44
greedy-m,2.7075149819835507,3.8501482027192875,2.6657511646852026,0.04176381729834791,0.9400756711111111,4694395.322369229,-4694405.009795936,"{'congested': True, 'oom': False}",arrival_rate,700,2,44
lego,3.212132860000879,4.3169646783611775,3.1602667442984,0.05186611570247934,0.9815012666666667,11194279.568902193,-11194291.312601814,"{'congested': True, 'oom': False}",arrival_rate,700,2,44
drs,3.402436827857205,4.326103891384655,3.3491162564286334,0.053320571428571426,0.9846461733333334,8541516.644069202,-8541529.33014945,"{'congested': True, 'oom': False}",arrival_rate,700,2,44
our,0.2843647296011533,2.3717717265814944,0.2660126246514293,0.018352104949724,0.8718138688888889,138907.32939713396,-138906.37944905538,"{'congested': True, 'oom': False}",arrival_rate,800,2,44
ffd-m,3.526717973349356,4.317075980980157,3.47488822128324,0.0518297520661157,0.9815012666666667,13349915.932538552,-13349929.249052439,"{'congested': True, 'oom': False}",arrival_rate,800,2,44
cds-m,3.526717973349356,4.317075980980157,3.47488822128324,0.0518297520661157,0.9815012666666667,13349915.932538552,-13349929.249052439,"{'congested': True, 'oom': False}",arrival_rate,800,2,44
random-m,4.072991801876749,4.3262087669902565,4.019672659019606,0.053319142857142864,0.9846461733333334,10529806.67511773,-10529822.713867972,"{'congested': True, 'oom': False}",arrival_rate,800,2,44
greedy-m,2.815285563903286,3.8502517691184597,2.773512611522334,0.04177295238095238,0.9400756711111111,6067395.3223692365,-6067405.548545287,"{'congested': True, 'oom': False}",arrival_rate,800,2,44
lego,3.526717973349356,4.317075980980157,3.47488822128324,0.0518297520661157,0.9815012666666667,13349915.932538552,-13349929.249052439,"{'congested': True, 'oom': False}",arrival_rate,800,2,44
drs,4.072991801876749,4.3262087669902565,4.019672659019606,0.053319142857142864,0.9846461733333334,10529806.67511773,-10529822.713867972,"{'congested': True, 'oom': False}",arrival_rate,800,2,44
our,0.22576772377128032,3.873258330366512,0.17952923170778826,0.046238492063492065,0.8502909355555556,0.0,2.74441971151011,"{'congested': False, 'oom': False}",arrival_rate,200,3,45
ffd-m,0.3005852210995036,4.47005386537878,0.26787322109950357,0.032712000000000005,0.7634184222222222,0.0,2.9671277598812624,"{'congested': False, 'oom': False}",arrival_rate,200,3,45
cds-m,0.30375122109950364,4.47005386537878,0.2678732210995036,0.035878,0.7634184222222222,0.0,2.951297759881262,"{'congested': False, 'oom': False}",arrival_rate,200,3,45
random-m,0.32082255443283697,4.47005386537878,0.2678732210995036,0.052949333333333334,0.7634184222222222,0.0,2.8659410932145954,"{'congested': False, 'oom': False}",arrival_rate,200,3,45
greedy-m,0.31257088776617026,4.47005386537878,0.2678732210995036,0.04469766666666666,0.7634184222222222,0.0,2.907199426547929,"{'congested': False, 'oom': False}",arrival_rate,200,3,45
lego,0.30375122109950364,4.47005386537878,0.2678732210995036,0.035878,0.7634184222222222,0.0,2.951297759881262,"{'congested': False, 'oom': False}",arrival_rate,200,3,45
drs,0.31899255443283697,4.47005386537878,0.2678732210995036,0.05111933333333333,0.7634184222222222,0.0,2.8750910932145954,"{'congested': False, 'oom': False}",arrival_rate,200,3,45
our,0.07166085983629672,3.0961169456199142,0.035668276226784534,0.035992583609512185,0.98287008,1000.0,-997.2621873535616,"{'congested': True, 'oom': False}",arrival_rate,300,3,45
ffd-m,0.6699157437255479,4.4476634479728165,0.6233490770588812,0.04656666666666667,0.9431284111111111,154961.48608126346,-154960.38799653412,"{'congested': True, 'oom': False}",arrival_rate,300,3,45
cds-m,0.2285103268156083,4.112943540300553,0.19052143792671938,0.03798888888888889,0.9563522333333333,1000.0,-997.0296080937775,"{'congested': True, 'oom': False}",arrival_rate,300,3,45
random-m,0.6554566912991233,4.435487828184546,0.6075541516165837,0.04790253968253969,0.9299045888888889,154961.48608126346,-154960.32787689177,"{'congested': True, 'oom': False}",arrival_rate,300,3,45
greedy-m,0.7533475408510281,4.438531733131613,0.7058280964065836,0.04751944444444444,0.9677187822222222,154961.48608126346,-154960.8142872346,"{'congested': True, 'oom': False}",arrival_rate,300,3,45
lego,0.2285103268156083,4.112943540300553,0.19052143792671938,0.03798888888888889,0.9563522333333333,1000.0,-997.0296080937775,"{'congested': True, 'oom': False}",arrival_rate,300,3,45
drs,0.7609204575176948,4.4488434377807575,0.7058280964065836,0.05509236111111111,0.9809426044444445,253928.94221516958,-253928.29797401937,"{'congested': True, 'oom': False}",arrival_rate,300,3,45
our,0.08117808532391424,3.093377168015226,0.04472654633260253,0.03645153899131172,0.9845084622222222,1000.0,-997.3125132586043,"{'congested': True, 'oom': False}",arrival_rate,400,3,45
ffd-m,1.1725631859913845,4.4087695176289365,1.1116158526580513,0.06094733333333334,0.9804435044444444,1658892.790488761,-1658894.2445351733,"{'congested': True, 'oom': False}",arrival_rate,400,3,45
cds-m,1.1550368526580512,4.4087695176289365,1.1116158526580513,0.043421,0.9804435044444444,1658892.790488761,-1658894.1569035065,"{'congested': True, 'oom': False}",arrival_rate,400,3,45
random-m,1.2050088109638097,4.412545268969729,1.1525825763959086,0.05242623456790123,0.9169290066666667,1658892.790488761,-1658894.4029875468,"{'congested': True, 'oom': False}",arrival_rate,400,3,45
greedy-m,1.2050088109638097,4.412545268969729,1.1525825763959086,0.05242623456790123,0.9169290066666667,1658892.790488761,-1658894.4029875468,"{'congested': True, 'oom': False}",arrival_rate,400,3,45
lego,1.1550368526580512,4.4087695176289365,1.1116158526580513,0.043421,0.9804435044444444,1658892.790488761,-1658894.1569035065,"{'congested': True, 'oom': False}",arrival_rate,400,3,45
drs,1.2036430702230692,4.412545268969729,1.1525825763959086,0.05106049382716049,0.9169290066666667,1658892.790488761,-1658894.396158843,"{'congested': True, 'oom': False}",arrival_rate,400,3,45
our,0.08371320694092481,3.10924003657147,0.048002182025099885,0.035711024915824924,0.9488672488888888,1000.0,-997.3093259981332,"{'congested': True, 'oom': False}",arrival_rate,500,3,45
ffd-m,2.9053648408573305,4.390310834108932,2.846340378047413,0.05902446280991735,0.9803321933333333,4343019.001295414,-4343029.137808784,"{'congested': True, 'oom': False}",arrival_rate,500,3,45
cds-m,3.972171368484256,4.4003314049003075,3.920133501817589,0.05203786666666666,0.9816558977777777,2237892.790488761,-2237908.2510141986,"{'congested': True, 'oom': False}",arrival_rate,500,3,45
random-m,2.9104541564112005,4.398018965486913,2.8626842390558287,0.0477699173553719,0.97907648,5455688.7781046145,-5455698.932356431,"{'congested': True, 'oom': False}",arrival_rate,500,3,45
greedy-m,3.972171368484256,4.4003314049003075,3.920133501817589,0.05203786666666666,0.9816558977777777,2237892.790488761,-2237908.2510141986,"{'congested': True, 'oom': False}",arrival_rate,500,3,45
lego,3.972171368484256,4.4003314049003075,3.920133501817589,0.05203786666666666,0.9816558977777777,2237892.790488761,-2237908.2510141986,"{'congested': True, 'oom': False}",arrival_rate,500,3,45
drs,3.972171368484256,4.4003314049003075,3.920133501817589,0.05203786666666666,0.9816558977777777,2237892.790488761,-2237908.2510141986,"{'congested': True, 'oom': False}",arrival_rate,500,3,45
our,0.09319730484138763,2.957590916411744,0.05641905484138762,0.03677825000000001,0.9761908688888888,1000.0,-997.5083956077953,"{'congested': True, 'oom': False}",arrival_rate,600,3,45
ffd-m,3.3303979553591536,4.400274077112154,3.2782119553591538,0.052185999999999996,0.9444777333333333,6450694.696563837,-6450706.948279537,"{'congested': True, 'oom': False}",arrival_rate,600,3,45
cds-m,2.4090030771960813,4.406645657499741,2.3542124521960814,0.054790625,0.9206774977777777,3467408.5168057103,-3467416.1551754386,"{'congested': True, 'oom': False}",arrival_rate,600,3,45
random-m,2.4091093271960813,4.4172649581457195,2.3542124521960814,0.054896875000000005,0.93390132,3467408.5168057103,-3467416.145087388,"{'congested': True, 'oom': False}",arrival_rate,600,3,45
greedy-m,2.4090030771960813,4.406645657499741,2.3542124521960814,0.054790625,0.9206774977777777,3467408.5168057103,-3467416.1551754386,"{'congested': True, 'oom': False}",arrival_rate,600,3,45
lego,2.4090030771960813,4.406645657499741,2.3542124521960814,0.054790625,0.9206774977777777,3467408.5168057103,-3467416.1551754386,"{'congested': True, 'oom': False}",arrival_rate,600,3,45
drs,3.330107955359154,4.400274077112153,3.2782119553591538,0.051896,0.9299981977777778,7563364.473373039,-7563376.7236387385,"{'congested': True, 'oom': False}",arrival_rate,600,3,45
our,0.10899617039838298,2.8522831712691117,0.07222860123738525,0.03676756916099773,0.9183908711111111,1000.0,-997.6926976807229,"{'congested': True, 'oom': False}",arrival_rate,700,3,45
ffd-m,3.465472001096544,4.400233128692043,3.404584001096544,0.060888,0.9444344133333333,9660564.473373039,-9660577.400499916,"{'congested': True, 'oom': False}",arrival_rate,700,3,45
cds-m,2.4259209289336727,4.395979517004721,2.370768879613945,0.05515204931972789,0.9363694266666667,4394818.396821579,-4394826.130446707,"{'congested': True, 'oom': False}",arrival_rate,700,3,45
random-m,4.004177895065305,4.4030688698169245,3.9487352142892904,0.05544268077601411,0.9325342955555556,6302420.268846626,-6302435.886667232,"{'congested': True, 'oom': False}",arrival_rate,700,3,45
greedy-m,2.4259209289336727,4.395979517004721,2.370768879613945,0.05515204931972789,0.9363694266666667,4394818.396821579,-4394826.130446707,"{'congested': True, 'oom': False}",arrival_rate,700,3,45
lego,2.4259209289336727,4.395979517004721,2.370768879613945,0.05515204931972789,0.9363694266666667,4394818.396821579,-4394826.130446707,"{'congested': True, 'oom': False}",arrival_rate,700,3,45
drs,4.004177895065305,4.4030688698169245,3.9487352142892904,0.05544268077601411,0.9325342955555556,6302420.268846626,-6302435.886667232,"{'congested': True, 'oom': False}",arrival_rate,700,3,45
our,0.12644189981684173,2.7759740436152573,0.09064428109132121,0.035797618725520515,0.9490372888888889,1000.0,-997.856235455469,"{'congested': True, 'oom': False}",arrival_rate,800,3,45
ffd-m,3.993358320151282,4.400274077112153,3.9493489868179488,0.04400933333333333,0.9878297,9452674.830819044,-9452690.397336569,"{'congested': True, 'oom': False}",arrival_rate,800,3,45
cds-m,3.541468036615589,4.396026356853762,3.4864831407822554,0.05498489583333335,0.9363261066666667,5715215.690096748,-5715229.001410575,"{'congested': True, 'oom': False}",arrival_rate,800,3,45
random-m,3.53676932905386,4.4031058906177485,3.4864831407822554,0.05028618827160494,0.9387947377777778,9105624.281230763,-9105637.561971517,"{'congested': True, 'oom': False}",arrival_rate,800,3,45
greedy-m,3.541468036615589,4.396026356853762,3.4864831407822554,0.05498489583333335,0.9363261066666667,5715215.690096748,-5715229.001410575,"{'congested': True, 'oom': False}",arrival_rate,800,3,45
lego,3.541468036615589,4.396026356853762,3.4864831407822554,0.05498489583333335,0.9363261066666667,5715215.690096748,-5715229.001410575,"{'congested': True, 'oom': False}",arrival_rate,800,3,45
drs,4.003358091756221,4.4031058906177485,3.9493489868179488,0.054009104938271615,0.9324909755555556,10660420.26884662,-10660435.882531188,"{'congested': True, 'oom': False}",arrival_rate,800,3,45
our,0.08840077912407832,3.1709020374039905,0.051358738811657055,0.03704204031242126,0.89903154,1000.0,-997.2711018582164,"{'congested': True, 'oom': False}",arrival_rate,200,4,46
ffd-m,0.259210457037452,4.4322714813232125,0.21915045703745198,0.040060000000000005,0.9815947333333334,0.0,3.1362191961359525,"{'congested': False, 'oom': False}",arrival_rate,200,4,46
cds-m,0.259210457037452,4.4322714813232125,0.21915045703745198,0.040060000000000005,0.9815947333333334,0.0,3.1362191961359525,"{'congested': False, 'oom': False}",arrival_rate,200,4,46
random-m,0.2636983282013249,4.417425080420095,0.21202182820132487,0.05167650000000001,0.9683709111111111,0.0,3.0989334394134707,"{'congested': False, 'oom': False}",arrival_rate,200,4,46
greedy-m,0.45846426265556695,4.447117882226329,0.40646359598890025,0.052000666666666674,0.9180802355555555,0.0,2.1547965689484943,"{'congested': False, 'oom': False}",arrival_rate,200,4,46
lego,0.259210457037452,4.4322714813232125,0.21915045703745198,0.040060000000000005,0.9815947333333334,0.0,3.1362191961359525,"{'congested': False, 'oom': False}",arrival_rate,200,4,46
drs,0.2671711994688447,4.427353069566219,0.2118091994688447,0.05536200000000001,0.9683709111111111,0.0,3.091497072221995,"{'congested': False, 'oom': False}",arrival_rate,200,4,46
our,0.10626391768305032,3.155263453584543,0.06926462889776154,0.03699928878528879,0.9704560177777778,1000.0,-997.3760561348307,"{'congested': True, 'oom': False}",arrival_rate,300,4,46
ffd-m,1.4401379066346844,4.426932528353528,1.3900447093557728,0.05009319727891157,0.9839923,1174937.9481591193,-1174940.7219161242,"{'congested': True, 'oom': False}",arrival_rate,300,4,46
cds-m,0.7037314193837474,3.777790797510729,0.6729953649619786,0.03073605442176871,0.9204778022222222,10562.29928257244,-10562.040148871847,"{'congested': True, 'oom': False}",arrival_rate,300,4,46
random-m,0.9680439660894933,4.40588048897768,0.9142308141620556,0.05381315192743765,0.9719808711111111,1165375.6488765469,-1165376.0832158884,"{'congested': True, 'oom': False}",arrival_rate,300,4,46
greedy-m,1.4328627612325602,4.416406508665604,1.3837607204162337,0.04910204081632653,0.9707684777777777,1174937.9481591193,-1174940.6960664168,"{'congested': True, 'oom': False}",arrival_rate,300,4,46
lego,0.7037314193837474,3.777790797510729,0.6729953649619786,0.03073605442176871,0.9204778022222222,10562.29928257244,-10562.040148871847,"{'congested': True, 'oom': False}",arrival_rate,300,4,46
drs,1.43129821096801,4.416406508665604,1.3837607204162337,0.04753749055177627,0.9707684777777777,1174937.9481591193,-1174940.6882436655,"{'congested': True, 'oom': False}",arrival_rate,300,4,46
our,0.12318716456991034,2.998597841382891,0.08807356394632758,0.035113600623582764,0.9480762777777778,1000.0,-997.6173379814667,"{'congested': True, 'oom': False}",arrival_rate,400,4,46
ffd-m,3.4894656909714903,4.305457349370738,3.4353106433524427,0.05415504761904762,0.9804945666666667,2626158.845216733,-2626171.9870878384,"{'congested': True, 'oom': False}",arrival_rate,400,4,46
cds-m,3.4894656909714903,4.305457349370738,3.4353106433524427,0.05415504761904762,0.9804945666666667,2626158.845216733,-2626171.9870878384,"{'congested': True, 'oom': False}",arrival_rate,400,4,46
random-m,1.7245970603119676,4.36805863158589,1.6759481714230786,0.048648888888888894,0.9220961088888889,1952567.255462708,-1952571.5103893778,"{'congested': True, 'oom': False}",arrival_rate,400,4,46
greedy-m,1.7245970603119676,4.36805863158589,1.6759481714230786,0.048648888888888894,0.9220961088888889,1952567.255462708,-1952571.5103893778,"{'congested': True, 'oom': False}",arrival_rate,400,4,46
lego,3.4894656909714903,4.305457349370738,3.4353106433524427,0.05415504761904762,0.9804945666666667,2626158.845216733,-2626171.9870878384,"{'congested': True, 'oom': False}",arrival_rate,400,4,46
drs,2.2438092595495434,4.353212230682774,2.19027192621621,0.05353733333333334,0.8799132155555556,2626158.845216733,-2626165.7110508,"{'congested': True, 'oom': False}",arrival_rate,400,4,46
our,0.3930891498327227,3.0282580272355992,0.3554074485477643,0.03768170128495842,0.9442938377777778,1000.0,-998.937187721928,"{'congested': True, 'oom': False}",arrival_rate,500,4,46
ffd-m,3.8546909916155587,4.3034908381797266,3.7999087693933364,0.054782222222222225,0.9816045,3894217.0306575,-3894232.00062162,"{'congested': True, 'oom': False}",arrival_rate,500,4,46
cds-m,3.8546909916155587,4.3034908381797266,3.7999087693933364,0.054782222222222225,0.9816045,3894217.0306575,-3894232.00062162,"{'congested': True, 'oom': False}",arrival_rate,500,4,46
random-m,2.9688605352012454,4.35233516329601,2.9183166463123564,0.05054388888888889,0.9232379622222222,3794369.9908262077,-3794380.4827937204,"{'congested': True, 'oom': False}",arrival_rate,500,4,46
greedy-m,3.7975184210162585,4.35233516329601,3.7449450876829253,0.05257333333333333,0.8942469711111111,5026428.176266979,-5026442.811523921,"{'congested': True, 'oom': False}",arrival_rate,500,4,46
lego,3.8546909916155587,4.3034908381797266,3.7999087693933364,0.054782222222222225,0.9816045,3894217.0306575,-3894232.00062162,"{'congested': True, 'oom': False}",arrival_rate,500,4,46
drs,2.9688605352012454,4.35233516329601,2.9183166463123564,0.05054388888888889,0.9232379622222222,3794369.9908262077,-3794380.4827937204,"{'congested': True, 'oom': False}",arrival_rate,500,4,46
our,0.9025519697891246,2.891886960257178,0.8660746182121302,0.03647735157699443,0.9099223022222223,274066.6952754612,-274068.3161483499,"{'congested': True, 'oom': False}",arrival_rate,600,4,46
ffd-m,4.227553812216628,4.311526906835853,4.172438846230233,0.05511496598639455,0.9324237577777778,6584524.863307131,-6584541.689549286,"{'congested': True, 'oom': False}",arrival_rate,600,4,46
cds-m,4.227553812216628,4.311526906835853,4.172438846230233,0.05511496598639455,0.9324237577777778,6584524.863307131,-6584541.689549286,"{'congested': True, 'oom': False}",arrival_rate,600,4,46
random-m,3.400082735508956,4.3393171227338,3.351308295599659,0.04877443990929706,0.9243798155555556,7315870.3930695215,-7315883.054166077,"{'congested': True, 'oom': False}",arrival_rate,600,4,46
greedy-m,3.404946519768441,4.353212230682774,3.356837213645992,0.04810930612244898,0.8885686755555555,8142284.338361471,-8142297.009881839,"{'congested': True, 'oom': False}",arrival_rate,600,4,46
lego,4.227553812216628,4.311526906835853,4.172438846230233,0.05511496598639455,0.9324237577777778,6584524.863307131,-6584541.689549286,"{'congested': True, 'oom': False}",arrival_rate,600,4,46
drs,3.392195430028535,4.336270908341047,3.340250459506993,0.05194497052154195,0.9256355288888889,7214192.7486074455,-7214205.373313688,"{'congested': True, 'oom': False}",arrival_rate,600,4,46
our,0.07773483000521132,2.4760576898934663,0.05145558552578502,0.026279244479426304,0.9773815377777778,2000.0,-1997.9126164601325,"{'congested': True, 'oom': False}",arrival_rate,700,4,46
ffd-m,4.2293458710341545,4.293236402338412,4.174393490081774,0.05495238095238096,0.9838243666666666,8953524.86330713,-8953541.716800082,"{'congested': True, 'oom': False}",arrival_rate,700,4,46
cds-m,4.2293458710341545,4.293236402338412,4.174393490081774,0.05495238095238096,0.9838243666666666,8953524.86330713,-8953541.716800082,"{'congested': True, 'oom': False}",arrival_rate,700,4,46
random-m,3.411792309535434,4.353838707387605,3.3655635644957513,0.04622874503968253,0.9029343511111111,12201466.677866364,-12201479.382989204,"{'congested': True, 'oom': False}",arrival_rate,700,4,46
greedy-m,3.413490126995751,4.353838707387605,3.3655635644957513,0.04792656249999999,0.9174138866666667,11227880.623158313,-11227893.33677024,"{'congested': True, 'oom': False}",arrival_rate,700,4,46
lego,4.2293458710341545,4.293236402338412,4.174393490081774,0.05495238095238096,0.9838243666666666,8953524.86330713,-8953541.716800082,"{'congested': True, 'oom': False}",arrival_rate,700,4,46
drs,3.405944732622576,4.341718246377766,3.3601780411543216,0.04576669146825397,0.8897105288888889,12201466.677866364,-12201479.365871781,"{'congested': True, 'oom': False}",arrival_rate,700,4,46
our,1.0799806681002089,2.9849572692299597,1.042874464396505,0.03710620370370371,0.8964209177777778,1088009.831048532,-1088012.2459946033,"{'congested': True, 'oom': False}",arrival_rate,800,4,46
ffd-m,2.6628044964311877,3.691221154216647,2.6261923542335883,0.036612142197599264,0.9297445888888889,11017284.07722415,-11017293.700025478,"{'congested': True, 'oom': False}",arrival_rate,800,4,46
cds-m,2.6628044964311877,3.691221154216647,2.6261923542335883,0.036612142197599264,0.9297445888888889,11017284.07722415,-11017293.700025478,"{'congested': True, 'oom': False}",arrival_rate,800,4,46
random-m,2.490297894399793,3.613239429844044,2.451192354233588,0.039105540166204975,0.9297445888888889,8103062.962663203,-8103071.8009132445,"{'congested': True, 'oom': False}",arrival_rate,800,4,46
greedy-m,2.4870754530397194,3.6030009292500633,2.4475145112114647,0.03956094182825484,0.9165207666666667,8103062.962663203,-8103071.795039538,"{'congested': True, 'oom': False}",arrival_rate,800,4,46
lego,2.6628044964311877,3.691221154216647,2.6261923542335883,0.036612142197599264,0.9297445888888889,11017284.07722415,-11017293.700025478,"{'congested': True, 'oom': False}",arrival_rate,800,4,46
drs,2.6628044964311877,3.691221154216647,2.6261923542335883,0.036612142197599264,0.9297445888888889,11017284.07722415,-11017293.700025478,"{'congested': True, 'oom': False}",arrival_rate,800,4,46
our,0.05213398586510591,2.68439899881202,0.02920859080337751,0.0229253950617284,0.9572349,1000.0,-997.5762709305135,"{'congested': True, 'oom': False}",arrival_rate,200,5,47
ffd-m,0.6391768263703531,4.478123272150138,0.5930768263703531,0.04610000000000001,0.9648200911111111,140665.21743392674,-140663.93519478643,"{'congested': True, 'oom': False}",arrival_rate,200,5,47
cds-m,0.6357198154369543,4.466860930564082,0.5916198154369543,0.044100000000000014,0.9648200911111111,140665.21743392674,-140663.92917207335,"{'congested': True, 'oom': False}",arrival_rate,200,5,47
random-m,0.6346260654369543,4.466860930564082,0.5916198154369543,0.04300625,0.9648200911111111,140665.21743392674,-140663.92370332335,"{'congested': True, 'oom': False}",arrival_rate,200,5,47
greedy-m,0.6374843987702875,4.466860930564082,0.5916198154369542,0.04586458333333334,0.9648200911111111,140665.21743392674,-140663.93799499003,"{'congested': True, 'oom': False}",arrival_rate,200,5,47
lego,0.6357198154369543,4.466860930564082,0.5916198154369543,0.044100000000000014,0.9648200911111111,140665.21743392674,-140663.92917207335,"{'congested': True, 'oom': False}",arrival_rate,200,5,47
drs,0.6403149543258431,4.466860930564082,0.5916198154369542,0.048695138888888906,0.9648200911111111,140665.21743392674,-140663.9521477678,"{'congested': True, 'oom': False}",arrival_rate,200,5,47
our,0.0617570455755187,2.730933626903779,0.03858581471472217,0.023171230860796522,0.8455874555555556,1000.0,-997.5778516009738,"{'congested': True, 'oom': False}",arrival_rate,300,5,47
ffd-m,2.1004223162183777,4.356828161606519,2.0524889828850443,0.047933333333333335,0.9860585088888889,1393315.5205514347,-1393321.6658348541,"{'congested': True, 'oom': False}",arrival_rate,300,5,47
cds-m,2.1004223162183777,4.356828161606519,2.0524889828850443,0.047933333333333335,0.9860585088888889,1393315.5205514347,-1393321.6658348541,"{'congested': True, 'oom': False}",arrival_rate,300,5,47
random-m,2.1004223162183777,4.356828161606519,2.0524889828850443,0.047933333333333335,0.9860585088888889,1393315.5205514347,-1393321.6658348541,"{'congested': True, 'oom': False}",arrival_rate,300,5,47
greedy-m,2.1004223162183777,4.356828161606519,2.0524889828850443,0.047933333333333335,0.9860585088888889,1393315.5205514347,-1393321.6658348541,"{'congested': True, 'oom': False}",arrival_rate,300,5,47
lego,2.1004223162183777,4.356828161606519,2.0524889828850443,0.047933333333333335,0.9860585088888889,1393315.5205514347,-1393321.6658348541,"{'congested': True, 'oom': False}",arrival_rate,300,5,47
drs,2.1004223162183777,4.356828161606519,2.0524889828850443,0.047933333333333335,0.9860585088888889,1393315.5205514347,-1393321.6658348541,"{'congested': True, 'oom': False}",arrival_rate,300,5,47
our,0.07704843561427144,2.7422977014978187,0.05421657450316033,0.022831861111111115,0.9869654222222223,1000.0,-997.6429444765736,"{'congested': True, 'oom': False}",arrival_rate,400,5,47
ffd-m,3.765667608744875,4.35678907990455,3.717717608744875,0.04795,0.9860585088888889,3280758.6387028173,-3280773.110251781,"{'congested': True, 'oom': False}",arrival_rate,400,5,47
cds-m,3.765667608744875,4.35678907990455,3.717717608744875,0.04795,0.9860585088888889,3280758.6387028173,-3280773.110251781,"{'congested': True, 'oom': False}",arrival_rate,400,5,47
random-m,3.765667608744875,4.35678907990455,3.717717608744875,0.04795,0.9860585088888889,3280758.6387028173,-3280773.110251781,"{'congested': True, 'oom': False}",arrival_rate,400,5,47
greedy-m,3.765667608744875,4.35678907990455,3.717717608744875,0.04795,0.9860585088888889,3280758.6387028173,-3280773.110251781,"{'congested': True, 'oom': False}",arrival_rate,400,5,47
lego,3.765667608744875,4.35678907990455,3.717717608744875,0.04795,0.9860585088888889,3280758.6387028173,-3280773.110251781,"{'congested': True, 'oom': False}",arrival_rate,400,5,47
drs,3.765667608744875,4.35678907990455,3.717717608744875,0.04795,0.9860585088888889,3280758.6387028173,-3280773.110251781,"{'congested': True, 'oom': False}",arrival_rate,400,5,47
our,0.06738183942403969,2.7047189916836567,0.044097260814818226,0.023284578609221472,0.9885632088888889,1000.0,-997.6321902054366,"{'congested': True, 'oom': False}",arrival_rate,500,5,47
ffd-m,3.85302857780077,4.357301644060518,3.805135244467437,0.04789333333333333,0.9860585088888889,5815425.305369488,-5815440.213210733,"{'congested': True, 'oom': False}",arrival_rate,500,5,47
cds-m,3.85302857780077,4.357301644060518,3.805135244467437,0.04789333333333333,0.9860585088888889,5815425.305369488,-5815440.213210733,"{'congested': True, 'oom': False}",arrival_rate,500,5,47
random-m,3.85302857780077,4.357301644060518,3.805135244467437,0.04789333333333333,0.9860585088888889,5815425.305369488,-5815440.213210733,"{'congested': True, 'oom': False}",arrival_rate,500,5,47
greedy-m,3.85302857780077,4.357301644060518,3.805135244467437,0.04789333333333333,0.9860585088888889,5815425.305369488,-5815440.213210733,"{'congested': True, 'oom': False}",arrival_rate,500,5,47
lego,3.85302857780077,4.357301644060518,3.805135244467437,0.04789333333333333,0.9860585088888889,5815425.305369488,-5815440.213210733,"{'congested': True, 'oom': False}",arrival_rate,500,5,47
drs,3.85302857780077,4.357301644060518,3.805135244467437,0.04789333333333333,0.9860585088888889,5815425.305369488,-5815440.213210733,"{'congested': True, 'oom': False}",arrival_rate,500,5,47
our,0.0672577963333454,2.5866901640825892,0.0442287269833832,0.0230290693499622,0.8922822977777778,1000.0,-997.7495988175841,"{'congested': True, 'oom': False}",arrival_rate,600,5,47
ffd-m,5.04795,4.35678907990455,5.0,0.04795,0.9860585088888889,8474303.117645636,-8474324.000606555,"{'congested': True, 'oom': False}",arrival_rate,600,5,47
cds-m,5.04795,4.35678907990455,5.0,0.04795,0.9860585088888889,8474303.117645636,-8474324.000606555,"{'congested': True, 'oom': False}",arrival_rate,600,5,47
random-m,5.04795,4.35678907990455,5.0,0.04795,0.9860585088888889,8474303.117645636,-8474324.000606555,"{'congested': True, 'oom': False}",arrival_rate,600,5,47
greedy-m,5.04795,4.35678907990455,5.0,0.04795,0.9860585088888889,8474303.117645636,-8474324.000606555,"{'congested': True, 'oom': False}",arrival_rate,600,5,47
lego,5.04795,4.35678907990455,5.0,0.04795,0.9860585088888889,8474303.117645636,-8474324.000606555,"{'congested': True, 'oom': False}",arrival_rate,600,5,47
drs,5.04795,4.35678907990455,5.0,0.04795,0.9860585088888889,8474303.117645636,-8474324.000606555,"{'congested': True, 'oom': False}",arrival_rate,600,5,47
our,0.08275744765923487,2.481340823281483,0.05987044911116026,0.02288699854807462,0.9412390555555555,1000.0,-997.9324464150147,"{'congested': True, 'oom': False}",arrival_rate,700,5,47
ffd-m,5.047942857142857,4.356805829205394,5.0,0.04794285714285715,0.9860585088888889,11404969.78431229,-11404990.667220745,"{'congested': True, 'oom': False}",arrival_rate,700,5,47
cds-m,5.047942857142857,4.356805829205394,5.0,0.04794285714285715,0.9860585088888889,11404969.78431229,-11404990.667220745,"{'congested': True, 'oom': False}",arrival_rate,700,5,47
random-m,5.047942857142857,4.356805829205394,5.0,0.04794285714285715,0.9860585088888889,11404969.78431229,-11404990.667220745,"{'congested': True, 'oom': False}",arrival_rate,700,5,47
greedy-m,5.047942857142857,4.356805829205394,5.0,0.04794285714285715,0.9860585088888889,11404969.78431229,-11404990.667220745,"{'congested': True, 'oom': False}",arrival_rate,700,5,47
lego,5.047942857142857,4.356805829205394,5.0,0.04794285714285715,0.9860585088888889,11404969.78431229,-11404990.667220745,"{'congested': True, 'oom': False}",arrival_rate,700,5,47
drs,5.047942857142857,4.356805829205394,5.0,0.04794285714285715,0.9860585088888889,11404969.78431229,-11404990.667220745,"{'congested': True, 'oom': False}",arrival_rate,700,5,47
our,0.1183412126427887,2.4896017558140238,0.0959959745475506,0.022345238095238095,0.9680781622222222,1000.0,-998.1021043073999,"{'congested': True, 'oom': False}",arrival_rate,800,5,47
ffd-m,5.04795,4.35678907990455,5.0,0.04795,0.9860585088888889,14315636.450978953,-14315657.333939873,"{'congested': True, 'oom': False}",arrival_rate,800,5,47
cds-m,5.04795,4.35678907990455,5.0,0.04795,0.9860585088888889,14315636.450978953,-14315657.333939873,"{'congested': True, 'oom': False}",arrival_rate,800,5,47
random-m,5.04795,4.35678907990455,5.0,0.04795,0.9860585088888889,14315636.450978953,-14315657.333939873,"{'congested': True, 'oom': False}",arrival_rate,800,5,47
greedy-m,5.04795,4.35678907990455,5.0,0.04795,0.9860585088888889,14315636.450978953,-14315657.333939873,"{'congested': True, 'oom': False}",arrival_rate,800,5,47
lego,5.04795,4.35678907990455,5.0,0.04795,0.9860585088888889,14315636.450978953,-14315657.333939873,"{'congested': True, 'oom': False}",arrival_rate,800,5,47
drs,5.04795,4.35678907990455,5.0,0.04795,0.9860585088888889,14315636.450978953,-14315657.333939873,"{'congested': True, 'oom': False}",arrival_rate,800,5,47
our,0.14425841603051054,3.782549578470111,0.09029261566575182,0.053965800364758704,0.9781579422222222,0.0,3.0612574983175582,"{'congested': False, 'oom': False}",arrival_rate,200,6,48
ffd-m,0.24037498777839875,4.397208473564408,0.21437498777839875,0.025999999999999995,0.7167377066666667,0.0,3.1953335346724145,"{'congested': False, 'oom': False}",arrival_rate,200,6,48
cds-m,0.24330832111173206,4.397208473564408,0.21437498777839872,0.028933333333333335,0.7167377066666667,0.0,3.1806668680057477,"{'congested': False, 'oom': False}",arrival_rate,200,6,48
random-m,0.2694327655561765,4.397208473564408,0.21437498777839872,0.05505777777777779,0.7167377066666667,0.0,3.0500446457835255,"{'congested': False, 'oom': False}",arrival_rate,200,6,48
greedy-m,0.2684416544450654,4.397208473564408,0.21437498777839872,0.054066666666666666,0.7167377066666667,0.0,3.055000201339081,"{'congested': False, 'oom': False}",arrival_rate,200,6,48
lego,0.24330832111173206,4.397208473564408,0.21437498777839872,0.028933333333333335,0.7167377066666667,0.0,3.1806668680057477,"{'congested': False, 'oom': False}",arrival_rate,200,6,48
drs,0.2710327655561765,4.397208473564408,0.21437498777839872,0.05665777777777778,0.7167377066666667,0.0,3.0420446457835255,"{'congested': False, 'oom': False}",arrival_rate,200,6,48
our,0.14901845318256735,3.4861906043571227,0.09467063572224987,0.05434781746031746,0.8971812488888888,0.0,2.741098338444286,"{'congested': False, 'oom': False}",arrival_rate,300,6,48
ffd-m,0.6404303347683137,4.387336131905934,0.5772436681016471,0.06318666666666665,0.9637864488888889,27411.177768961963,-27409.9925845039,"{'congested': True, 'oom': False}",arrival_rate,300,6,48
cds-m,0.6463029379788607,4.39756365252808,0.5827296046455275,0.06357333333333332,0.9002719511111111,307411.177768962,-307410.01171999937,"{'congested': True, 'oom': False}",arrival_rate,300,6,48
random-m,0.6370124617883847,4.39756365252808,0.5827296046455275,0.054282857142857154,0.9002719511111111,307411.177768962,-307409.9652676184,"{'congested': True, 'oom': False}",arrival_rate,300,6,48
greedy-m,0.6367600128087928,4.39756365252808,0.5827296046455275,0.05403040816326531,0.9002719511111111,307411.177768962,-307409.96400537353,"{'congested': True, 'oom': False}",arrival_rate,300,6,48
lego,0.6463029379788607,4.39756365252808,0.5827296046455275,0.06357333333333332,0.9002719511111111,307411.177768962,-307410.01171999937,"{'congested': True, 'oom': False}",arrival_rate,300,6,48
drs,0.6420689924006295,4.39756365252808,0.5827296046455275,0.059339387755102044,0.9770102711111112,27411.177768961963,-27409.99055027144,"{'congested': True, 'oom': False}",arrival_rate,300,6,48
our,0.11015030201799253,3.3329829121601025,0.06738046074815127,0.04276984126984127,0.9647880644444444,1000.0,-997.2177685979299,"{'congested': True, 'oom': False}",arrival_rate,400,6,48
ffd-m,0.8372601642028592,4.376753432320113,0.7782023864250814,0.059057777777777785,0.9805883111111111,497411.17776896193,-497410.9873163506,"{'congested': True, 'oom': False}",arrival_rate,400,6,48
cds-m,0.8372601642028592,4.376753432320113,0.7782023864250814,0.059057777777777785,0.9805883111111111,497411.17776896193,-497410.9873163506,"{'congested': True, 'oom': False}",arrival_rate,400,6,48
random-m,0.7705881311790842,4.366525911697966,0.718194995376615,0.05239313580246913,0.9673644888888889,497411.17776896193,-497410.6641837061,"{'congested': True, 'oom': False}",arrival_rate,400,6,48
greedy-m,0.9604607720663999,4.361463647684227,0.9066637720663999,0.053797,0.8906261688888889,454077.50647812604,-454077.9473183387,"{'congested': True, 'oom': False}",arrival_rate,400,6,48
lego,0.8372601642028592,4.376753432320113,0.7782023864250814,0.059057777777777785,0.9805883111111111,497411.17776896193,-497410.9873163506,"{'congested': True, 'oom': False}",arrival_rate,400,6,48
drs,0.8326504851905135,4.376753432320113,0.7782023864250814,0.0544480987654321,0.9805883111111111,497411.17776896193,-497410.96426795557,"{'congested': True, 'oom': False}",arrival_rate,400,6,48
our,0.11428173804453562,3.3731038513016602,0.07220317111363102,0.0420785669309046,0.9776636977777777,1000.0,-997.198304838921,"{'congested': True, 'oom': False}",arrival_rate,500,6,48
ffd-m,1.2586405372172942,4.311795526119131,1.1931833471346496,0.06545719008264463,0.9722301622222222,703093.7784111733,-703095.7598183332,"{'congested': True, 'oom': False}",arrival_rate,500,6,48
cds-m,1.2586405372172942,4.311795526119131,1.1931833471346496,0.06545719008264463,0.9722301622222222,703093.7784111733,-703095.7598183332,"{'congested': True, 'oom': False}",arrival_rate,500,6,48
random-m,1.2649792147365733,4.352700470389369,1.2086934273169223,0.05628578741965106,0.9351633088888889,1129926.7737870035,-1129928.7459826067,"{'congested': True, 'oom': False}",arrival_rate,500,6,48
greedy-m,1.2617072565180243,4.369746338092944,1.2086934273169223,0.05301382920110191,0.9483871311111111,1499635.7559968834,-1499637.6947868278,"{'congested': True, 'oom': False}",arrival_rate,500,6,48
lego,1.2586405372172942,4.311795526119131,1.1931833471346496,0.06545719008264463,0.9722301622222222,703093.7784111733,-703095.7598183332,"{'congested': True, 'oom': False}",arrival_rate,500,6,48
drs,0.8774226330102189,4.028520932096893,0.8326934273169223,0.044729205693296595,0.9483871311111111,205558.24951875777,-205558.60811099072,"{'congested': True, 'oom': False}",arrival_rate,500,6,48
our,0.41937206690012396,3.11909592117677,0.3769764577786058,0.04239560912151821,0.9440204355555556,1000.0,-998.9777644133238,"{'congested': True, 'oom': False}",arrival_rate,600,6,48
ffd-m,1.237705052561169,4.3059714013183195,1.1817177056223935,0.055987346938775516,0.9776973955555556,1647593.778411173,-1647595.6609650345,"{'congested': True, 'oom': False}",arrival_rate,600,6,48
cds-m,1.243399496019274,4.30916186670529,1.1860121490804985,0.057387346938775514,0.9776973955555556,1523884.45824379,-1523886.3660794036,"{'congested': True, 'oom': False}",arrival_rate,600,6,48
random-m,1.249552005384463,4.33589484612886,1.194601035996708,0.05495096938775511,0.9406305422222222,2825884.4582437896,-2825886.3701089704,"{'congested': True, 'oom': False}",arrival_rate,600,6,48
greedy-m,1.2489983319150755,4.387032449239594,1.194601035996708,0.05439729591836736,0.9538543644444445,2999077.5064781257,-2999079.364437336,"{'congested': True, 'oom': False}",arrival_rate,600,6,48
lego,1.243399496019274,4.30916186670529,1.1860121490804985,0.057387346938775514,0.9776973955555556,1523884.45824379,-1523886.3660794036,"{'congested': True, 'oom': False}",arrival_rate,600,6,48
drs,1.2389014347947842,4.30916186670529,1.1860121490804985,0.05288928571428571,0.9776973955555556,1523884.45824379,-1523886.3435890973,"{'congested': True, 'oom': False}",arrival_rate,600,6,48
our,0.3674047337070782,3.1342447940056077,0.3259450802679248,0.04145965343915344,0.9415232733333333,76462.02912189881,-76460.73190077335,"{'congested': True, 'oom': False}",arrival_rate,700,6,48
ffd-m,0.6128205844688793,3.805355069947255,0.5610476380403079,0.05177294642857143,0.9586447977777778,934701.8576015794,-934701.1163494318,"{'congested': True, 'oom': False}",arrival_rate,700,6,48
cds-m,0.858044513040308,3.9698221403567193,0.8067619237545938,0.05128258928571429,0.9586447977777778,2512182.600642211,-2512182.9210426356,"{'congested': True, 'oom': False}",arrival_rate,700,6,48
random-m,0.22631832186939596,3.4858557172615114,0.19093034898579808,0.035387972883597886,0.9083541222222222,2000.0,-1997.6457358920854,"{'congested': True, 'oom': False}",arrival_rate,700,6,48
greedy-m,0.23035758969319303,3.4975419561479444,0.19509877421700256,0.03525881547619048,0.9215779444444444,2000.0,-1997.654245992318,"{'congested': True, 'oom': False}",arrival_rate,700,6,48
lego,0.858044513040308,3.9698221403567193,0.8067619237545938,0.05128258928571429,0.9586447977777778,2512182.600642211,-2512182.9210426356,"{'congested': True, 'oom': False}",arrival_rate,700,6,48
drs,0.2268821671074912,3.485855717261512,0.19093034898579808,0.03595181812169313,0.9083541222222222,2000.0,-1997.648555118276,"{'congested': True, 'oom': False}",arrival_rate,700,6,48
our,0.5082925927963431,3.0286835364612146,0.46677089480890793,0.04152169798743518,0.9450397288888889,61756.65558659052,-61756.168366018035,"{'congested': True, 'oom': False}",arrival_rate,800,6,48
ffd-m,0.9416501076600617,3.477236083009176,0.9010920829687037,0.040558024691358024,0.9729671533333333,446663.5565241329,-446664.7875385882,"{'congested': True, 'oom': False}",arrival_rate,800,6,48
cds-m,0.9417167743267284,3.477236083009176,0.9010920829687037,0.040624691358024684,0.9729671533333333,891327.1130482662,-891328.3443960547,"{'congested': True, 'oom': False}",arrival_rate,800,6,48
random-m,0.9428633669193209,3.477236083009176,0.9010920829687037,0.04177128395061729,0.9729671533333333,446663.5565241329,-446664.7936048845,"{'congested': True, 'oom': False}",arrival_rate,800,6,48
greedy-m,0.9407072426477286,3.487632241673897,0.9051692426477287,0.035538,0.97171144,2448660.446381599,-2448661.6622855705,"{'congested': True, 'oom': False}",arrival_rate,800,6,48
lego,0.9417167743267284,3.477236083009176,0.9010920829687037,0.040624691358024684,0.9729671533333333,891327.1130482662,-891328.3443960547,"{'congested': True, 'oom': False}",arrival_rate,800,6,48
drs,0.937669589141543,3.477236083009176,0.9010920829687035,0.03657750617283951,0.9729671533333333,446663.5565241329,-446664.7676359956,"{'congested': True, 'oom': False}",arrival_rate,800,6,48
our,0.18472018498970894,3.794470058268298,0.12905245747648142,0.05566772751322751,0.8990991955555555,0.0,2.8708691333197534,"{'congested': False, 'oom': False}",arrival_rate,200,7,49
ffd-m,0.8044442663702026,4.486277526136819,0.7536711552590915,0.050773111111111116,0.9661510444444444,426798.26092071197,-426797.7968645177,"{'congested': True, 'oom': False}",arrival_rate,200,7,49
cds-m,0.8060291713316077,4.501453847060004,0.7615100602204966,0.044519111111111107,0.9793748666666666,426798.26092071197,-426797.7896127216,"{'congested': True, 'oom': False}",arrival_rate,200,7,49
random-m,0.8038428873659541,4.476347511087759,0.7557335540326208,0.048109333333333344,0.9661510444444444,426798.26092071197,-426797.80378763773,"{'congested': True, 'oom': False}",arrival_rate,200,7,49
greedy-m,0.8136017923273596,4.4915238320109445,0.7635724589940263,0.050029333333333335,0.9793748666666666,426798.26092071197,-426797.83740584156,"{'congested': True, 'oom': False}",arrival_rate,200,7,49
lego,0.8060291713316077,4.501453847060004,0.7615100602204966,0.044519111111111107,0.9793748666666666,426798.26092071197,-426797.7896127216,"{'congested': True, 'oom': False}",arrival_rate,200,7,49
drs,0.80599539355383,4.501453847060004,0.7615100602204966,0.04448533333333333,0.9793748666666666,426798.26092071197,-426797.7894438327,"{'congested': True, 'oom': False}",arrival_rate,200,7,49
our,0.27214081781492394,3.66771136576557,0.22183007707418323,0.05031074074074074,0.9499478955555556,0.0,2.30700727669095,"{'congested': False, 'oom': False}",arrival_rate,300,7,49
ffd-m,1.7924613783847292,4.438450823850179,1.7388280450513958,0.05363333333333334,0.97548262,1241572.0183250671,-1241576.5421811352,"{'congested': True, 'oom': False}",arrival_rate,300,7,49
cds-m,1.7924613783847292,4.438450823850179,1.7388280450513958,0.05363333333333334,0.97548262,1241572.0183250671,-1241576.5421811352,"{'congested': True, 'oom': False}",arrival_rate,300,7,49
random-m,1.7871905450513959,4.438450823850179,1.7388280450513958,0.0483625,0.97548262,1241572.0183250671,-1241576.5158269685,"{'congested': True, 'oom': False}",arrival_rate,300,7,49
greedy-m,1.610539602419721,4.423415152101791,1.5541687690863877,0.05637083333333333,0.97548262,1075231.8983409356,-1075235.5276237957,"{'congested': True, 'oom': False}",arrival_rate,300,7,49
lego,1.7924613783847292,4.438450823850179,1.7388280450513958,0.05363333333333334,0.97548262,1241572.0183250671,-1241576.5421811352,"{'congested': True, 'oom': False}",arrival_rate,300,7,49
drs,1.791461378384729,4.438450823850179,1.7388280450513958,0.05263333333333334,0.97548262,1241572.0183250671,-1241576.5371811353,"{'congested': True, 'oom': False}",arrival_rate,300,7,49
our,0.17802230529770477,3.1455106271725315,0.14005625512763675,0.03796605017006802,0.8785257422222222,1000.0,-997.744600899316,"{'congested': True, 'oom': False}",arrival_rate,400,7,49
ffd-m,3.1139852594540476,4.416510441388768,3.05974559003256,0.0542396694214876,0.97548262,4900580.18295954,-4900591.336375396,"{'congested': True, 'oom': False}",arrival_rate,400,7,49
cds-m,3.1139852594540476,4.416510441388768,3.05974559003256,0.0542396694214876,0.97548262,4900580.18295954,-4900591.336375396,"{'congested': True, 'oom': False}",arrival_rate,400,7,49
random-m,3.104494350363139,4.416510441388768,3.05974559003256,0.04474876033057852,0.97548262,4900580.18295954,-4900591.2889208505,"{'congested': True, 'oom': False}",arrival_rate,400,7,49
greedy-m,3.1139852594540476,4.416510441388768,3.05974559003256,0.0542396694214876,0.97548262,4900580.18295954,-4900591.336375396,"{'congested': True, 'oom': False}",arrival_rate,400,7,49
lego,3.1139852594540476,4.416510441388768,3.05974559003256,0.0542396694214876,0.97548262,4900580.18295954,-4900591.336375396,"{'congested': True, 'oom': False}",arrival_rate,400,7,49
drs,3.1139852594540476,4.416510441388768,3.05974559003256,0.0542396694214876,0.97548262,4900580.18295954,-4900591.336375396,"{'congested': True, 'oom': False}",arrival_rate,400,7,49
our,0.38750434249858223,3.0992745790653937,0.3493999710700108,0.038104371428571426,0.9316109933333333,1000.0,-998.8382471334276,"{'congested': True, 'oom': False}",arrival_rate,500,7,49
ffd-m,4.019554839008445,4.406930534327769,3.962221505675112,0.05733333333333333,0.9848461155555556,8889042.640800158,-8889058.331643818,"{'congested': True, 'oom': False}",arrival_rate,500,7,49
cds-m,4.019554839008445,4.406930534327769,3.962221505675112,0.05733333333333333,0.9848461155555556,8889042.640800158,-8889058.331643818,"{'congested': True, 'oom': False}",arrival_rate,500,7,49
random-m,4.019554839008445,4.406930534327769,3.962221505675112,0.05733333333333333,0.9848461155555556,8889042.640800158,-8889058.331643818,"{'congested': True, 'oom': False}",arrival_rate,500,7,49
greedy-m,4.019554839008445,4.406930534327769,3.962221505675112,0.05733333333333333,0.9848461155555556,8889042.640800158,-8889058.331643818,"{'congested': True, 'oom': False}",arrival_rate,500,7,49
lego,4.019554839008445,4.406930534327769,3.962221505675112,0.05733333333333333,0.9848461155555556,8889042.640800158,-8889058.331643818,"{'congested': True, 'oom': False}",arrival_rate,500,7,49
drs,4.019554839008445,4.406930534327769,3.962221505675112,0.05733333333333333,0.9848461155555556,8889042.640800158,-8889058.331643818,"{'congested': True, 'oom': False}",arrival_rate,500,7,49
our,1.2269220603563664,3.1422005910087165,1.1889662780434413,0.037955782312925165,0.8999179155555556,291027.31538664736,-291030.30779635813,"{'congested': True, 'oom': False}",arrival_rate,600,7,49
ffd-m,4.2350794287053155,4.4072101718846355,4.1776460953719825,0.05743333333333332,0.9848461155555556,11900900.525230493,-11900917.293417465,"{'congested': True, 'oom': False}",arrival_rate,600,7,49
cds-m,4.2350794287053155,4.4072101718846355,4.1776460953719825,0.05743333333333332,0.9848461155555556,11900900.525230493,-11900917.293417465,"{'congested': True, 'oom': False}",arrival_rate,600,7,49
random-m,4.2350794287053155,4.4072101718846355,4.1776460953719825,0.05743333333333332,0.9848461155555556,11900900.525230493,-11900917.293417465,"{'congested': True, 'oom': False}",arrival_rate,600,7,49
greedy-m,4.2350794287053155,4.4072101718846355,4.1776460953719825,0.05743333333333332,0.9848461155555556,11900900.525230493,-11900917.293417465,"{'congested': True, 'oom': False}",arrival_rate,600,7,49
lego,4.2350794287053155,4.4072101718846355,4.1776460953719825,0.05743333333333332,0.9848461155555556,11900900.525230493,-11900917.293417465,"{'congested': True, 'oom': False}",arrival_rate,600,7,49
drs,4.2350794287053155,4.4072101718846355,4.1776460953719825,0.05743333333333332,0.9848461155555556,11900900.525230493,-11900917.293417465,"{'congested': True, 'oom': False}",arrival_rate,600,7,49
our,1.3140506346614533,3.1761010965169,1.2764312741172357,0.03761936054421769,0.9389859777777778,517682.7191645026,-517686.1133165794,"{'congested': True, 'oom': False}",arrival_rate,700,7,49
ffd-m,4.288750411417836,4.407409912996683,4.231245649513074,0.0575047619047619,0.9848461155555556,14930233.85856383,-14930250.894905973,"{'congested': True, 'oom': False}",arrival_rate,700,7,49
cds-m,4.288750411417836,4.407409912996683,4.231245649513074,0.0575047619047619,0.9848461155555556,14930233.85856383,-14930250.894905973,"{'congested': True, 'oom': False}",arrival_rate,700,7,49
random-m,4.288750411417836,4.407409912996683,4.231245649513074,0.0575047619047619,0.9848461155555556,14930233.85856383,-14930250.894905973,"{'congested': True, 'oom': False}",arrival_rate,700,7,49
greedy-m,4.288750411417836,4.407409912996683,4.231245649513074,0.0575047619047619,0.9848461155555556,14930233.85856383,-14930250.894905973,"{'congested': True, 'oom': False}",arrival_rate,700,7,49
lego,4.288750411417836,4.407409912996683,4.231245649513074,0.0575047619047619,0.9848461155555556,14930233.85856383,-14930250.894905973,"{'congested': True, 'oom': False}",arrival_rate,700,7,49
drs,4.288750411417836,4.407409912996683,4.231245649513074,0.0575047619047619,0.9848461155555556,14930233.85856383,-14930250.894905973,"{'congested': True, 'oom': False}",arrival_rate,700,7,49
our,1.3530718984923977,3.028377852139592,1.3151867299360862,0.037885168556311424,0.9019536844444445,761539.862021645,-761543.5990032853,"{'congested': True, 'oom': False}",arrival_rate,800,7,49
ffd-m,5.057433333333333,4.4072101718846355,5.0,0.05743333333333332,0.9848461155555556,17996451.650140937,-17996472.530097432,"{'congested': True, 'oom': False}",arrival_rate,800,7,49
cds-m,5.057433333333333,4.4072101718846355,5.0,0.05743333333333332,0.9848461155555556,17996451.650140937,-17996472.530097432,"{'congested': True, 'oom': False}",arrival_rate,800,7,49
random-m,5.057433333333333,4.4072101718846355,5.0,0.05743333333333332,0.9848461155555556,17996451.650140937,-17996472.530097432,"{'congested': True, 'oom': False}",arrival_rate,800,7,49
greedy-m,5.057433333333333,4.4072101718846355,5.0,0.05743333333333332,0.9848461155555556,17996451.650140937,-17996472.530097432,"{'congested': True, 'oom': False}",arrival_rate,800,7,49
lego,5.057433333333333,4.4072101718846355,5.0,0.05743333333333332,0.9848461155555556,17996451.650140937,-17996472.530097432,"{'congested': True, 'oom': False}",arrival_rate,800,7,49
drs,5.057433333333333,4.4072101718846355,5.0,0.05743333333333332,0.9848461155555556,17996451.650140937,-17996472.530097432,"{'congested': True, 'oom': False}",arrival_rate,800,7,49
our,0.1426069952720411,3.967212869954944,0.08857766193870775,0.05402933333333334,0.9471224355555555,0.0,3.2541778935947385,"{'congested': False, 'oom': False}",arrival_rate,200,8,50
ffd-m,0.2965606471240048,4.451260424930312,0.24861064712400482,0.04795,0.6744956733333334,0.0,2.968457189310288,"{'congested': False, 'oom': False}",arrival_rate,200,8,50
cds-m,0.2965606471240048,4.451260424930312,0.24861064712400482,0.04795,0.6744956733333334,0.0,2.968457189310288,"{'congested': False, 'oom': False}",arrival_rate,200,8,50
random-m,0.305501123314481,4.451260424930312,0.24861064712400477,0.056890476190476186,0.6744956733333334,0.0,2.923754808357907,"{'congested': False, 'oom': False}",arrival_rate,200,8,50
greedy-m,0.3050303750151612,4.451260424930312,0.24861064712400477,0.056419727891156464,0.6744956733333334,0.0,2.9261085498545056,"{'congested': False, 'oom': False}",arrival_rate,200,8,50
lego,0.2965606471240048,4.451260424930312,0.24861064712400482,0.04795,0.6744956733333334,0.0,2.968457189310288,"{'congested': False, 'oom': False}",arrival_rate,200,8,50
drs,0.3081616675321681,4.451260424930312,0.24861064712400482,0.05955102040816326,0.6744956733333334,0.0,2.910452087269471,"{'congested': False, 'oom': False}",arrival_rate,200,8,50
our,0.09634341116308887,3.3669135682975178,0.05655065451497506,0.0397927566481138,0.9630293333333333,1000.0,-997.114803487518,"{'congested': True, 'oom': False}",arrival_rate,300,8,50
ffd-m,0.26388380336281764,4.438724886451059,0.21739758114059543,0.04648622222222223,0.9724114555555555,0.0,3.1193058696369707,"{'congested': False, 'oom': False}",arrival_rate,300,8,50
cds-m,0.2600749144739288,4.438724886451059,0.21739758114059543,0.04267733333333333,0.9724114555555555,0.0,3.138350314081415,"{'congested': False, 'oom': False}",arrival_rate,300,8,50
random-m,0.312864649167571,4.436533205497822,0.2561188713897932,0.05674577777777778,0.92212078,0.0,2.8722099596599673,"{'congested': False, 'oom': False}",arrival_rate,300,8,50
greedy-m,0.3286610931437548,4.440535775065582,0.27180598203264367,0.05685511111111111,0.9353446022222223,0.0,2.797230309346808,"{'congested': False, 'oom': False}",arrival_rate,300,8,50
lego,0.2600749144739288,4.438724886451059,0.21739758114059543,0.04267733333333333,0.9724114555555555,0.0,3.138350314081415,"{'congested': False, 'oom': False}",arrival_rate,300,8,50
drs,0.3248764264770881,4.440535775065582,0.27180598203264367,0.05307044444444444,0.9353446022222223,0.0,2.816153642680142,"{'congested': False, 'oom': False}",arrival_rate,300,8,50
our,0.1054608632494908,3.166823181785176,0.06606423121485876,0.03939663203463204,0.9871702133333333,1000.0,-997.3604811344622,"{'congested': True, 'oom': False}",arrival_rate,400,8,50
ffd-m,1.2655957914392224,4.328198684737599,1.2180846967646661,0.04751109467455621,0.9754539022222222,537368.1724618413,-537370.1722421137,"{'congested': True, 'oom': False}",arrival_rate,400,8,50
cds-m,1.2707784837469147,4.328198684737599,1.2180846967646661,0.052693786982248525,0.9754539022222222,537368.1724618413,-537370.1981555752,"{'congested': True, 'oom': False}",arrival_rate,400,8,50
random-m,0.8865201381489797,4.440125624252975,0.8313835257229442,0.0551366124260355,0.9131517977777778,404893.4133227543,-404893.40579782083,"{'congested': True, 'oom': False}",arrival_rate,400,8,50
greedy-m,0.8840500198057843,4.440125624252975,0.8313835257229442,0.052666494082840236,0.9131517977777778,809786.8266455089,-809786.8067699836,"{'congested': True, 'oom': False}",arrival_rate,400,8,50
lego,1.2707784837469147,4.328198684737599,1.2180846967646661,0.052693786982248525,0.9754539022222222,537368.1724618413,-537370.1981555752,"{'congested': True, 'oom': False}",arrival_rate,400,8,50
drs,0.8774658498589898,4.332201254305359,0.8253187344743744,0.05214711538461539,0.92637562,169893.4133227544,-169893.4684507494,"{'congested': True, 'oom': False}",arrival_rate,400,8,50
our,0.11602971831898437,3.2037602837445807,0.07555191030689065,0.040477808012093726,0.9617631533333333,1000.0,-997.3763883078503,"{'congested': True, 'oom': False}",arrival_rate,500,8,50
ffd-m,1.971191334207955,4.3236009642954345,1.933351334207955,0.03784,0.9758844866666667,1867308.0689768363,-1867313.601332543,"{'congested': True, 'oom': False}",arrival_rate,500,8,50
cds-m,1.9823113342079548,4.3236009642954345,1.933351334207955,0.04896,0.9758844866666667,1902805.7363699358,-1902811.3243256425,"{'congested': True, 'oom': False}",arrival_rate,500,8,50
random-m,0.2939849257143889,3.9022599046585498,0.25453450904772223,0.03945041666666666,0.9424981333333333,1000.0,-997.5676647239134,"{'congested': True, 'oom': False}",arrival_rate,500,8,50
greedy-m,0.8828217940779886,4.315595825159915,0.8280688774113218,0.05475291666666666,0.9424981333333333,1319442.229121895,-1319442.3276350403,"{'congested': True, 'oom': False}",arrival_rate,500,8,50
lego,1.9823113342079548,4.3236009642954345,1.933351334207955,0.04896,0.9758844866666667,1902805.7363699358,-1902811.3243256425,"{'congested': True, 'oom': False}",arrival_rate,500,8,50
drs,0.8795601274113218,4.331606103430954,0.8280688774113218,0.051491249999999995,0.9557219555555555,1467893.4133227544,-1467893.479517288,"{'congested': True, 'oom': False}",arrival_rate,500,8,50
our,0.17794934071926494,3.224041133750605,0.1383685524079511,0.03958078831131383,0.9624629733333333,1000.0,-997.6657055698457,"{'congested': True, 'oom': False}",arrival_rate,600,8,50
ffd-m,1.3467937347079035,3.766854544768986,1.3066217347079034,0.040172,0.9649124511111111,2400972.4265321866,-2400975.393646315,"{'congested': True, 'oom': False}",arrival_rate,600,8,50
cds-m,1.3337857347079034,3.766854544768986,1.3066217347079034,0.027164,0.9649124511111111,2400972.4265321866,-2400975.3286063154,"{'congested': True, 'oom': False}",arrival_rate,600,8,50
random-m,1.3419597347079035,3.766854544768986,1.3066217347079034,0.035337999999999994,0.9649124511111111,2400972.4265321866,-2400975.3694763156,"{'congested': True, 'oom': False}",arrival_rate,600,8,50
greedy-m,1.3421590680412367,3.766854544768986,1.3066217347079034,0.035537333333333324,0.9649124511111111,2400972.4265321866,-2400975.370472982,"{'congested': True, 'oom': False}",arrival_rate,600,8,50
lego,1.3337857347079034,3.766854544768986,1.3066217347079034,0.027164,0.9649124511111111,2400972.4265321866,-2400975.3286063154,"{'congested': True, 'oom': False}",arrival_rate,600,8,50
drs,1.3440267347079033,3.766854544768986,1.3066217347079034,0.037405,0.9649124511111111,2400972.4265321866,-2400975.3798113153,"{'congested': True, 'oom': False}",arrival_rate,600,8,50
our,0.11929528583634191,2.814075135363839,0.08325520887626495,0.03604007696007696,0.9959443688888889,2000.0,-1997.7824012938179,"{'congested': True, 'oom': False}",arrival_rate,700,8,50
ffd-m,3.16677341584195,3.771185449416101,3.1269872064621675,0.03978620937978215,0.9783922311111111,8799081.573685793,-8799093.636367423,"{'congested': True, 'oom': False}",arrival_rate,700,8,50
cds-m,3.16677341584195,3.771185449416101,3.1269872064621675,0.03978620937978215,0.9783922311111111,8799081.573685793,-8799093.636367423,"{'congested': True, 'oom': False}",arrival_rate,700,8,50
random-m,3.16677341584195,3.771185449416101,3.1269872064621675,0.03978620937978215,0.9783922311111111,8799081.573685793,-8799093.636367423,"{'congested': True, 'oom': False}",arrival_rate,700,8,50
greedy-m,3.16677341584195,3.771185449416101,3.1269872064621675,0.03978620937978215,0.9783922311111111,8799081.573685793,-8799093.636367423,"{'congested': True, 'oom': False}",arrival_rate,700,8,50
lego,3.16677341584195,3.771185449416101,3.1269872064621675,0.03978620937978215,0.9783922311111111,8799081.573685793,-8799093.636367423,"{'congested': True, 'oom': False}",arrival_rate,700,8,50
drs,3.16677341584195,3.771185449416101,3.1269872064621675,0.03978620937978215,0.9783922311111111,8799081.573685793,-8799093.636367423,"{'congested': True, 'oom': False}",arrival_rate,700,8,50
our,0.1416755457277336,2.655560502754305,0.10591257150973861,0.03576297421799499,0.9576293755555556,2000.0,-1998.0528172258844,"{'congested': True, 'oom': False}",arrival_rate,800,8,50
ffd-m,3.2539175677891023,3.7486700774096766,3.2143009011224355,0.03961666666666667,0.9763572577777778,12025647.936265567,-12025660.45718333,"{'congested': True, 'oom': False}",arrival_rate,800,8,50
cds-m,3.2539175677891023,3.7486700774096766,3.2143009011224355,0.03961666666666667,0.9763572577777778,12025647.936265567,-12025660.45718333,"{'congested': True, 'oom': False}",arrival_rate,800,8,50
random-m,3.2539175677891023,3.7486700774096766,3.2143009011224355,0.03961666666666667,0.9763572577777778,12025647.936265567,-12025660.45718333,"{'congested': True, 'oom': False}",arrival_rate,800,8,50
greedy-m,3.2539175677891023,3.7486700774096766,3.2143009011224355,0.03961666666666667,0.9763572577777778,12025647.936265567,-12025660.45718333,"{'congested': True, 'oom': False}",arrival_rate,800,8,50
lego,3.2539175677891023,3.7486700774096766,3.2143009011224355,0.03961666666666667,0.9763572577777778,12025647.936265567,-12025660.45718333,"{'congested': True, 'oom': False}",arrival_rate,800,8,50
drs,3.2539175677891023,3.7486700774096766,3.2143009011224355,0.03961666666666667,0.9763572577777778,12025647.936265567,-12025660.45718333,"{'congested': True, 'oom': False}",arrival_rate,800,8,50
our,0.11558454946423581,3.9823562576262073,0.06301623154478153,0.05256831791945428,0.9825940888888889,0.0,3.404433510305028,"{'congested': False, 'oom': False}",arrival_rate,200,9,51
ffd-m,0.23030573067473853,4.495919769405156,0.18988073067473854,0.040425,0.7627709933333333,0.0,3.3443911160314634,"{'congested': False, 'oom': False}",arrival_rate,200,9,51
cds-m,0.23691823067473855,4.495919769405156,0.18988073067473854,0.04703750000000002,0.7627709933333333,0.0,3.3113286160314637,"{'congested': False, 'oom': False}",arrival_rate,200,9,51
random-m,0.24224323067473855,4.495919769405156,0.18988073067473854,0.052362500000000006,0.7627709933333333,0.0,3.2847036160314635,"{'congested': False, 'oom': False}",arrival_rate,200,9,51
greedy-m,0.24305573067473854,4.495919769405156,0.18988073067473854,0.053175,0.7627709933333333,0.0,3.2806411160314637,"{'congested': False, 'oom': False}",arrival_rate,200,9,51
lego,0.23691823067473855,4.495919769405156,0.18988073067473854,0.04703750000000002,0.7627709933333333,0.0,3.3113286160314637,"{'congested': False, 'oom': False}",arrival_rate,200,9,51
drs,0.24691823067473856,4.495919769405156,0.18988073067473854,0.057037500000000005,0.7627709933333333,0.0,3.2613286160314634,"{'congested': False, 'oom': False}",arrival_rate,200,9,51
our,0.14867170332074428,3.8245512015162157,0.09689865154447821,0.05177305177626607,0.9800286555555555,0.0,3.0811926849124944,"{'congested': False, 'oom': False}",arrival_rate,300,9,51
ffd-m,0.6670271319920574,4.495243457490465,0.6224649097698352,0.04456222222222223,0.9318371022222223,52411.17776896196,-52410.017661164435,"{'congested': True, 'oom': False}",arrival_rate,300,9,51
cds-m,0.6740949097698351,4.495243457490465,0.6224649097698352,0.05162999999999999,0.9318371022222223,52411.17776896196,-52410.05300005332,"{'congested': True, 'oom': False}",arrival_rate,300,9,51
random-m,0.674213798658724,4.495243457490465,0.6224649097698352,0.051748888888888886,0.9318371022222223,104822.35553792391,-104821.23136345971,"{'congested': True, 'oom': False}",arrival_rate,300,9,51
greedy-m,0.6735382431031685,4.495243457490465,0.6224649097698352,0.05107333333333333,0.8550987822222222,357411.17776896193,-357410.05021672,"{'congested': True, 'oom': False}",arrival_rate,300,9,51
lego,0.6740949097698351,4.495243457490465,0.6224649097698352,0.05162999999999999,0.9318371022222223,52411.17776896196,-52410.05300005332,"{'congested': True, 'oom': False}",arrival_rate,300,9,51
drs,0.6749460208809462,4.495243457490465,0.6224649097698352,0.05248111111111112,0.9318371022222223,52411.17776896196,-52410.057255608874,"{'congested': True, 'oom': False}",arrival_rate,300,9,51
our,0.257293334430145,3.716329643344211,0.204939359090009,0.05235397534013605,0.9125568977777778,0.0,2.4298629711934856,"{'congested': False, 'oom': False}",arrival_rate,400,9,51
ffd-m,0.8548143775776907,4.105275054492066,0.8193486632919764,0.03546571428571429,0.9325478466666667,105796.52184142418,-105796.69063825758,"{'congested': True, 'oom': False}",arrival_rate,400,9,51
cds-m,1.1692225200976125,4.105275054492066,1.1256711595533948,0.043551360544217696,0.9569924377777778,534497.6673930996,-534499.4082306456,"{'congested': True, 'oom': False}",arrival_rate,400,9,51
random-m,0.8629163050153325,4.105275054492066,0.8193486632919764,0.043567641723356004,0.9325478466666667,158194.78276213625,-158194.99206860684,"{'congested': True, 'oom': False}",arrival_rate,400,9,51
greedy-m,0.8625216224756499,4.105275054492066,0.8193486632919764,0.043172959183673476,0.89362372,272596.52184142417,-272596.72917448205,"{'congested': True, 'oom': False}",arrival_rate,400,9,51
lego,1.1692225200976125,4.105275054492066,1.1256711595533948,0.043551360544217696,0.9569924377777778,534497.6673930996,-534499.4082306456,"{'congested': True, 'oom': False}",arrival_rate,400,9,51
drs,0.8675469476993537,4.113640883572392,0.8257725712821201,0.04177437641723356,0.9457716688888889,105796.52184142418,-105796.7459352791,"{'congested': True, 'oom': False}",arrival_rate,400,9,51
our,0.1269824435204506,3.441817619071381,0.08378336063969499,0.04319908288075561,0.9391717155555556,1000.0,-997.1930945985308,"{'congested': True, 'oom': False}",arrival_rate,500,9,51
ffd-m,1.7955774896856431,4.452063360435007,1.7586767489449024,0.03690074074074075,0.9831186822222222,2479495.453308491,-2479499.979132579,"{'congested': True, 'oom': False}",arrival_rate,500,9,51
cds-m,0.8737831258118622,4.101649047145692,0.8316350702563067,0.04214805555555556,0.9227171711111111,1526596.5218414243,-1526596.7891080063,"{'congested': True, 'oom': False}",arrival_rate,500,9,51
random-m,1.4010261683990022,4.104095953961206,1.3595928350656687,0.04143333333333333,0.9315722933333334,2671295.9283138113,-2671298.829348699,"{'congested': True, 'oom': False}",arrival_rate,500,9,51
greedy-m,1.4010381253386188,4.097570869119837,1.3551347920052854,0.045903333333333345,0.9328280066666667,1836793.5957069115,-1836796.503326669,"{'congested': True, 'oom': False}",arrival_rate,500,9,51
lego,0.8737831258118622,4.101649047145692,0.8316350702563067,0.04214805555555556,0.9227171711111111,1526596.5218414243,-1526596.7891080063,"{'congested': True, 'oom': False}",arrival_rate,500,9,51
drs,1.3994456253386187,4.097570869119837,1.3551347920052854,0.04431083333333334,0.9328280066666667,1836793.5957069115,-1836796.4953641691,"{'congested': True, 'oom': False}",arrival_rate,500,9,51
our,0.1435007608503254,3.2141170933135705,0.10107003711638737,0.042430723733938025,0.9836276,1000.0,-997.503386710938,"{'congested': True, 'oom': False}",arrival_rate,600,9,51
ffd-m,1.6921036165297167,4.462833681474168,1.6554591720852723,0.036644444444444445,0.9844423866666666,3112751.416275384,-3112755.413959785,"{'congested': True, 'oom': False}",arrival_rate,600,9,51
cds-m,1.7054473665297167,4.462833681474168,1.6554591720852723,0.049988194444444446,0.9844423866666666,3112751.416275384,-3112755.480678535,"{'congested': True, 'oom': False}",arrival_rate,600,9,51
random-m,1.8358314626525616,4.10004641131686,1.7936064626525616,0.042225,0.94537248,2170345.486987617,-2170350.5660985187,"{'congested': True, 'oom': False}",arrival_rate,600,9,51
greedy-m,1.4556970937371685,4.082966176944525,1.411207510403835,0.04448958333333334,0.9290356711111111,3439295.9283138113,-3439299.123833103,"{'congested': True, 'oom': False}",arrival_rate,600,9,51
lego,1.7054473665297167,4.462833681474168,1.6554591720852723,0.049988194444444446,0.9844423866666666,3112751.416275384,-3112755.480678535,"{'congested': True, 'oom': False}",arrival_rate,600,9,51
drs,1.2867129915297166,4.10004641131686,1.2454591720852721,0.041253819444444444,0.9209278888888889,2260049.558673805,-2260051.8921923516,"{'congested': True, 'oom': False}",arrival_rate,600,9,51
our,0.3822553011069654,2.9323056987995897,0.33889411548986137,0.04336118561710399,0.9002069088888889,87929.85517475747,-87928.83414556421,"{'congested': True, 'oom': False}",arrival_rate,700,9,51
ffd-m,2.157955341835142,4.455321413161692,2.119698198977999,0.03825714285714286,0.9856867,4499871.102185038,-4499877.436640334,"{'congested': True, 'oom': False}",arrival_rate,700,9,51
cds-m,1.8350077498848507,4.101103582020752,1.7934868570277078,0.04152089285714285,0.9353960244444445,3527544.8934600037,-3527549.967395171,"{'congested': True, 'oom': False}",arrival_rate,700,9,51
random-m,1.2655308549650368,4.093798210147789,1.221592942266624,0.0439379126984127,0.9366517377777778,2802549.5586738046,-2802551.7925298694,"{'congested': True, 'oom': False}",arrival_rate,700,9,51
greedy-m,1.915956729363131,4.108408953893714,1.8758469436488452,0.04010978571428571,0.9486198466666667,3165047.226066904,-3165052.697441597,"{'congested': True, 'oom': False}",arrival_rate,700,9,51
lego,1.8350077498848507,4.101103582020752,1.7934868570277078,0.04152089285714285,0.9353960244444445,3527544.8934600037,-3527549.967395171,"{'congested': True, 'oom': False}",arrival_rate,700,9,51
drs,1.918960334168551,4.106321704787153,1.8755914400966365,0.04336889407191448,0.94972978,2726643.747908329,-2726649.236388295,"{'congested': True, 'oom': False}",arrival_rate,700,9,51
our,1.08669496938781,3.3221109404319473,1.0430172199547034,0.04367774943310657,0.94679242,303477.65710139036,-303479.7684652969,"{'congested': True, 'oom': False}",arrival_rate,800,9,51
ffd-m,1.941580815008121,4.107366511762147,1.8997468150081211,0.041833999999999996,0.9857866111111111,5244047.226066906,-5244052.82660447,"{'congested': True, 'oom': False}",arrival_rate,800,9,51
cds-m,1.6526635349119672,4.078086109981001,1.6122420765786338,0.040421458333333334,0.9328913222222223,5100671.577190359,-5100675.762421924,"{'congested': True, 'oom': False}",arrival_rate,800,9,51
random-m,2.0857450005493954,4.105275054492066,2.0434991842228647,0.04224581632653062,0.9479724177777777,5146028.087629828,-5146034.411079776,"{'congested': True, 'oom': False}",arrival_rate,800,9,51
greedy-m,1.5392633936555753,4.102486444798623,1.4953518936555752,0.043911500000000006,0.9535968311111112,3247328.681157441,-3247332.2749879644,"{'congested': True, 'oom': False}",arrival_rate,800,9,51
lego,1.6526635349119672,4.078086109981001,1.6122420765786338,0.040421458333333334,0.9328913222222223,5100671.577190359,-5100675.762421924,"{'congested': True, 'oom': False}",arrival_rate,800,9,51
drs,1.5333475875331262,4.096909225411737,1.4953518936555752,0.03799569387755102,0.9392630755555555,3525732.1593160164,-3525735.7291447287,"{'congested': True, 'oom': False}",arrival_rate,800,9,51
