Algorithm,Total_Delay_D,Avg_QoS_Q,Comp_Delay,Comm_Delay,Mem_Utilization,Penalty_Score,Fitness,Converged_Status,Experiment,Variable_Value,Scale,n_nodes,n_task_types,chain_length,arrival_rate,Replicate,Replicate_Seed
our,0.07431534879905485,2.6777742999852165,0.07431534879905485,0.0,0.057863422222222224,0.0,2.306197555989942,"{'congested': False, 'oom': False}",scale_stability,small,small,3,3,3,100,0,42
ffd-m,0.002789245930714445,1.70687090993003,0.002789245930714445,0.0,0.00375574,0.0,1.692924680276458,"{'congested': False, 'oom': False}",scale_stability,small,small,3,3,3,100,0,42
cds-m,0.002789245930714445,1.70687090993003,0.002789245930714445,0.0,0.00375574,0.0,1.692924680276458,"{'congested': False, 'oom': False}",scale_stability,small,small,3,3,3,100,0,42
random-m,0.026989245930714445,1.70687090993003,0.002789245930714445,0.0242,0.00375574,0.0,1.571924680276458,"{'congested': False, 'oom': False}",scale_stability,small,small,3,3,3,100,0,42
greedy-m,0.026989245930714445,1.70687090993003,0.002789245930714445,0.0242,0.00375574,0.0,1.571924680276458,"{'congested': False, 'oom': False}",scale_stability,small,small,3,3,3,100,0,42
lego,0.002789245930714445,1.70687090993003,0.002789245930714445,0.0,0.00375574,0.0,1.692924680276458,"{'congested': False, 'oom': False}",scale_stability,small,small,3,3,3,100,0,42
drs,0.019189245930714447,1.70687090993003,0.002789245930714445,0.0164,0.00375574,0.0,1.6109246802764579,"{'congested': False, 'oom': False}",scale_stability,small,small,3,3,3,100,0,42
our,0.04879258853385573,2.7073345900298,0.04879258853385573,0.0,0.05793866222222222,0.0,2.463371647360521,"{'congested': False, 'oom': False}",scale_stability,small,small,3,3,3,100,1,43
ffd-m,0.002822925186418072,1.7153469578600522,0.002822925186418072,0.0,0.00375574,0.0,1.7012323319279619,"{'congested': False, 'oom': False}",scale_stability,small,small,3,3,3,100,1,43
cds-m,0.002822925186418072,1.7153469578600522,0.002822925186418072,0.0,0.00375574,0.0,1.7012323319279619,"{'congested': False, 'oom': False}",scale_stability,small,small,3,3,3,100,1,43
random-m,0.02702292518641807,1.7153469578600522,0.002822925186418072,0.0242,0.00375574,0.0,1.5802323319279619,"{'congested': False, 'oom': False}",scale_stability,small,small,3,3,3,100,1,43
greedy-m,0.02702292518641807,1.7153469578600522,0.002822925186418072,0.0242,0.00375574,0.0,1.5802323319279619,"{'congested': False, 'oom': False}",scale_stability,small,small,3,3,3,100,1,43
lego,0.002822925186418072,1.7153469578600522,0.002822925186418072,0.0,0.00375574,0.0,1.7012323319279619,"{'congested': False, 'oom': False}",scale_stability,small,small,3,3,3,100,1,43
drs,0.01962292518641807,1.7153469578600522,0.002822925186418072,0.0168,0.00375574,0.0,1.6172323319279618,"{'congested': False, 'oom': False}",scale_stability,small,small,3,3,3,100,1,43
our,0.07947868727541953,2.694927318171496,0.07947868727541953,0.0,0.04342720666666667,0.0,2.2975338817943984,"{'congested': False, 'oom': False}",scale_stability,small,small,3,3,3,100,2,44
ffd-m,0.0027560641842557633,1.743687349432421,0.0027560641842557633,0.0,0.00375574,0.0,1.7299070285111422,"{'congested': False, 'oom': False}",scale_stability,small,small,3,3,3,100,2,44
cds-m,0.0027560641842557633,1.743687349432421,0.0027560641842557633,0.0,0.00375574,0.0,1.7299070285111422,"{'congested': False, 'oom': False}",scale_stability,small,small,3,3,3,100,2,44
random-m,0.03195606418425576,1.743687349432421,0.0027560641842557633,0.0292,0.00375574,0.0,1.5839070285111423,"{'congested': False, 'oom': False}",scale_stability,small,small,3,3,3,100,2,44
greedy-m,0.03195606418425576,1.743687349432421,0.0027560641842557633,0.0292,0.00375574,0.0,1.5839070285111423,"{'congested': False, 'oom': False}",scale_stability,small,small,3,3,3,100,2,44
lego,0.0027560641842557633,1.743687349432421,0.0027560641842557633,0.0,0.00375574,0.0,1.7299070285111422,"{'congested': False, 'oom': False}",scale_stability,small,small,3,3,3,100,2,44
drs,0.013556064184255763,1.743687349432421,0.0027560641842557633,0.0108,0.00375574,0.0,1.6759070285111421,"{'congested': False, 'oom': False}",scale_stability,small,small,3,3,3,100,2,44
our,0.03909387103912455,2.6769165090974822,0.03909387103912455,0.0,0.07237487777777778,0.0,2.4814471539018594,"{'congested': False, 'oom': False}",scale_stability,small,small,3,3,3,100,3,45
ffd-m,0.002809269481278874,1.6973363597626552,0.002809269481278874,0.0,0.00375574,0.0,1.6832900123562609,"{'congested': False, 'oom': False}",scale_stability,small,small,3,3,3,100,3,45
cds-m,0.002809269481278874,1.6973363597626552,0.002809269481278874,0.0,0.00375574,0.0,1.6832900123562609,"{'congested': False, 'oom': False}",scale_stability,small,small,3,3,3,100,3,45
random-m,0.026409269481278877,1.6973363597626552,0.002809269481278874,0.023600000000000003,0.00375574,0.0,1.5652900123562608,"{'congested': False, 'oom': False}",scale_stability,small,small,3,3,3,100,3,45
greedy-m,0.02960926948127888,1.6973363597626552,0.002809269481278874,0.026800000000000004,0.00375574,0.0,1.5492900123562607,"{'congested': False, 'oom': False}",scale_stability,small,small,3,3,3,100,3,45
lego,0.002809269481278874,1.6973363597626552,0.002809269481278874,0.0,0.00375574,0.0,1.6832900123562609,"{'congested': False, 'oom': False}",scale_stability,small,small,3,3,3,100,3,45
drs,0.023009269481278873,1.6973363597626552,0.002809269481278874,0.0202,0.00375574,0.0,1.5822900123562609,"{'congested': False, 'oom': False}",scale_stability,small,small,3,3,3,100,3,45
our,0.046285832719217976,2.7198357832290405,0.046285832719217976,0.0,0.057906742222222224,0.0,2.4884066196329506,"{'congested': False, 'oom': False}",scale_stability,small,small,3,3,3,100,4,46
ffd-m,0.0027871363358301406,1.7806874380833788,0.0027871363358301406,0.0,0.00375574,0.0,1.766751756404228,"{'congested': False, 'oom': False}",scale_stability,small,small,3,3,3,100,4,46
cds-m,0.0027871363358301406,1.7806874380833788,0.0027871363358301406,0.0,0.00375574,0.0,1.766751756404228,"{'congested': False, 'oom': False}",scale_stability,small,small,3,3,3,100,4,46
random-m,0.02218713633583014,1.7806874380833788,0.0027871363358301406,0.0194,0.00375574,0.0,1.6697517564042281,"{'congested': False, 'oom': False}",scale_stability,small,small,3,3,3,100,4,46
greedy-m,0.025387136335830143,1.7806874380833788,0.0027871363358301406,0.022600000000000002,0.00375574,0.0,1.6537517564042281,"{'congested': False, 'oom': False}",scale_stability,small,small,3,3,3,100,4,46
lego,0.0027871363358301406,1.7806874380833788,0.0027871363358301406,0.0,0.00375574,0.0,1.766751756404228,"{'congested': False, 'oom': False}",scale_stability,small,small,3,3,3,100,4,46
drs,0.02218713633583014,1.7806874380833788,0.0027871363358301406,0.0194,0.00375574,0.0,1.6697517564042281,"{'congested': False, 'oom': False}",scale_stability,small,small,3,3,3,100,4,46
our,0.05557722530833474,2.672324893111536,0.05557722530833474,0.0,0.057863422222222224,0.0,2.3944387665698623,"{'congested': False, 'oom': False}",scale_stability,small,small,3,3,3,100,5,47
ffd-m,0.002807722127005972,1.7405905979972616,0.002807722127005972,0.0,0.00375574,0.0,1.7265519873622317,"{'congested': False, 'oom': False}",scale_stability,small,small,3,3,3,100,5,47
cds-m,0.002807722127005972,1.7405905979972616,0.002807722127005972,0.0,0.00375574,0.0,1.7265519873622317,"{'congested': False, 'oom': False}",scale_stability,small,small,3,3,3,100,5,47
random-m,0.011207722127005972,1.7405905979972616,0.002807722127005972,0.0084,0.00375574,0.0,1.6845519873622317,"{'congested': False, 'oom': False}",scale_stability,small,small,3,3,3,100,5,47
greedy-m,0.026807722127005974,1.7405905979972616,0.002807722127005972,0.024,0.00375574,0.0,1.6065519873622316,"{'congested': False, 'oom': False}",scale_stability,small,small,3,3,3,100,5,47
lego,0.002807722127005972,1.7405905979972616,0.002807722127005972,0.0,0.00375574,0.0,1.7265519873622317,"{'congested': False, 'oom': False}",scale_stability,small,small,3,3,3,100,5,47
drs,0.022007722127005976,1.7405905979972616,0.002807722127005972,0.019200000000000002,0.00375574,0.0,1.6305519873622316,"{'congested': False, 'oom': False}",scale_stability,small,small,3,3,3,100,5,47
our,0.0843522327928903,2.709739775749438,0.0843522327928903,0.0,0.04342720666666667,0.0,2.2879786117849865,"{'congested': False, 'oom': False}",scale_stability,small,small,3,3,3,100,6,48
ffd-m,0.0027585313075488734,1.7499387657569043,0.0027585313075488734,0.0,0.00375574,0.0,1.73614610921916,"{'congested': False, 'oom': False}",scale_stability,small,small,3,3,3,100,6,48
cds-m,0.0027585313075488734,1.7499387657569043,0.0027585313075488734,0.0,0.00375574,0.0,1.73614610921916,"{'congested': False, 'oom': False}",scale_stability,small,small,3,3,3,100,6,48
random-m,0.026158531307548874,1.7499387657569043,0.0027585313075488734,0.0234,0.00375574,0.0,1.61914610921916,"{'congested': False, 'oom': False}",scale_stability,small,small,3,3,3,100,6,48
greedy-m,0.03575853130754887,1.7499387657569043,0.0027585313075488734,0.033,0.00375574,0.0,1.57114610921916,"{'congested': False, 'oom': False}",scale_stability,small,small,3,3,3,100,6,48
lego,0.0027585313075488734,1.7499387657569043,0.0027585313075488734,0.0,0.00375574,0.0,1.73614610921916,"{'congested': False, 'oom': False}",scale_stability,small,small,3,3,3,100,6,48
drs,0.029358531307548872,1.7499387657569043,0.0027585313075488734,0.0266,0.00375574,0.0,1.60314610921916,"{'congested': False, 'oom': False}",scale_stability,small,small,3,3,3,100,6,48
our,0.049396111436497483,2.7059333015904175,0.049396111436497483,0.0,0.05793866222222222,0.0,2.45895274440793,"{'congested': False, 'oom': False}",scale_stability,small,small,3,3,3,100,7,49
ffd-m,0.002763093887389358,1.7378186067094765,0.002763093887389358,0.0,0.00375574,0.0,1.7240031372725297,"{'congested': False, 'oom': False}",scale_stability,small,small,3,3,3,100,7,49
cds-m,0.002763093887389358,1.7378186067094765,0.002763093887389358,0.0,0.00375574,0.0,1.7240031372725297,"{'congested': False, 'oom': False}",scale_stability,small,small,3,3,3,100,7,49
random-m,0.018963093887389357,1.7378186067094765,0.002763093887389358,0.0162,0.00375574,0.0,1.6430031372725298,"{'congested': False, 'oom': False}",scale_stability,small,small,3,3,3,100,7,49
greedy-m,0.034363093887389354,1.7378186067094765,0.002763093887389358,0.031599999999999996,0.00375574,0.0,1.5660031372725298,"{'congested': False, 'oom': False}",scale_stability,small,small,3,3,3,100,7,49
lego,0.002763093887389358,1.7378186067094765,0.002763093887389358,0.0,0.00375574,0.0,1.7240031372725297,"{'congested': False, 'oom': False}",scale_stability,small,small,3,3,3,100,7,49
drs,0.018963093887389357,1.7378186067094765,0.002763093887389358,0.0162,0.00375574,0.0,1.6430031372725298,"{'congested': False, 'oom': False}",scale_stability,small,small,3,3,3,100,7,49
our,0.07497017040563703,2.699501269716612,0.07497017040563703,0.0,0.04342720666666667,0.0,2.3246504176884266,"{'congested': False, 'oom': False}",scale_stability,small,small,3,3,3,100,8,50
ffd-m,0.002754325656019972,1.7432467623767183,0.002754325656019972,0.0,0.00375574,0.0,1.7294751340966183,"{'congested': False, 'oom': False}",scale_stability,small,small,3,3,3,100,8,50
cds-m,0.002754325656019972,1.7432467623767183,0.002754325656019972,0.0,0.00375574,0.0,1.7294751340966183,"{'congested': False, 'oom': False}",scale_stability,small,small,3,3,3,100,8,50
random-m,0.03335432565601997,1.7432467623767183,0.002754325656019972,0.0306,0.00375574,0.0,1.5764751340966183,"{'congested': False, 'oom': False}",scale_stability,small,small,3,3,3,100,8,50
greedy-m,0.03335432565601997,1.7432467623767183,0.002754325656019972,0.0306,0.00375574,0.0,1.5764751340966183,"{'congested': False, 'oom': False}",scale_stability,small,small,3,3,3,100,8,50
lego,0.002754325656019972,1.7432467623767183,0.002754325656019972,0.0,0.00375574,0.0,1.7294751340966183,"{'congested': False, 'oom': False}",scale_stability,small,small,3,3,3,100,8,50
drs,0.02335432565601997,1.7432467623767183,0.002754325656019972,0.020599999999999997,0.00375574,0.0,1.6264751340966184,"{'congested': False, 'oom': False}",scale_stability,small,small,3,3,3,100,8,50
our,0.08552296207282208,2.708610236085881,0.08552296207282208,0.0,0.04342720666666667,0.0,2.2809954257217706,"{'congested': False, 'oom': False}",scale_stability,small,small,3,3,3,100,9,51
ffd-m,0.0027579754268955707,1.756407315097929,0.0027579754268955707,0.0,0.00375574,0.0,1.7426174379634511,"{'congested': False, 'oom': False}",scale_stability,small,small,3,3,3,100,9,51
cds-m,0.0027579754268955707,1.756407315097929,0.0027579754268955707,0.0,0.00375574,0.0,1.7426174379634511,"{'congested': False, 'oom': False}",scale_stability,small,small,3,3,3,100,9,51
random-m,0.0027579754268955707,1.756407315097929,0.0027579754268955707,0.0,0.00375574,0.0,1.7426174379634511,"{'congested': False, 'oom': False}",scale_stability,small,small,3,3,3,100,9,51
greedy-m,0.024557975426895574,1.756407315097929,0.0027579754268955707,0.021800000000000003,0.00375574,0.0,1.633617437963451,"{'congested': False, 'oom': False}",scale_stability,small,small,3,3,3,100,9,51
lego,0.0027579754268955707,1.756407315097929,0.0027579754268955707,0.0,0.00375574,0.0,1.7426174379634511,"{'congested': False, 'oom': False}",scale_stability,small,small,3,3,3,100,9,51
drs,0.024557975426895574,1.756407315097929,0.0027579754268955707,0.021800000000000003,0.00375574,0.0,1.633617437963451,"{'congested': False, 'oom': False}",scale_stability,small,small,3,3,3,100,9,51
our,0.23911225021732468,4.427285441506448,0.19536410206917654,0.04374814814814815,0.33289507733333334,0.0,3.2317241904198246,"{'congested': False, 'oom': False}",scale_stability,medium,medium,5,5,5,300,0,10042
ffd-m,0.10125131251074111,2.438190562852592,0.10125131251074111,0.0,0.10912115333333333,0.0,1.9319340002988867,"{'congested': False, 'oom': False}",scale_stability,medium,medium,5,5,5,300,0,10042
cds-m,0.10125131251074111,2.438190562852592,0.10125131251074111,0.0,0.10912115333333333,0.0,1.9319340002988867,"{'congested': False, 'oom': False}",scale_stability,medium,medium,5,5,5,300,0,10042
random-m,0.14932909028851882,2.438190562852592,0.10125131251074106,0.048077777777777775,0.10912115333333333,0.0,1.6915451114099982,"{'congested': False, 'oom': False}",scale_stability,medium,medium,5,5,5,300,0,10042
greedy-m,0.16217353473296325,2.438190562852592,0.10125131251074106,0.06092222222222221,0.10912115333333333,0.0,1.6273228891877758,"{'congested': False, 'oom': False}",scale_stability,medium,medium,5,5,5,300,0,10042
lego,0.10125131251074111,2.438190562852592,0.10125131251074111,0.0,0.10912115333333333,0.0,1.9319340002988867,"{'congested': False, 'oom': False}",scale_stability,medium,medium,5,5,5,300,0,10042
drs,0.1429068680662966,2.438190562852592,0.10125131251074106,0.04165555555555556,0.10912115333333333,0.0,1.7236562225211092,"{'congested': False, 'oom': False}",scale_stability,medium,medium,5,5,5,300,0,10042
our,0.30517902416537634,4.444713810349884,0.260637690832043,0.044541333333333336,0.32531375733333334,0.0,2.9188186895230026,"{'congested': False, 'oom': False}",scale_stability,medium,medium,5,5,5,300,1,10043
ffd-m,0.08665335994156814,2.6279697523940535,0.08665335994156814,0.0,0.124541336,0.0,2.194702952686213,"{'congested': False, 'oom': False}",scale_stability,medium,medium,5,5,5,300,1,10043
cds-m,0.08665335994156814,2.6279697523940535,0.08665335994156814,0.0,0.124541336,0.0,2.194702952686213,"{'congested': False, 'oom': False}",scale_stability,medium,medium,5,5,5,300,1,10043
random-m,0.1426111830708198,2.6279697523940535,0.0866533599415681,0.055957823129251696,0.124541336,0.0,1.9149138370399545,"{'congested': False, 'oom': False}",scale_stability,medium,medium,5,5,5,300,1,10043
greedy-m,0.1482125436150375,2.6279697523940535,0.0866533599415681,0.06155918367346939,0.124541336,0.0,1.886907034318866,"{'congested': False, 'oom': False}",scale_stability,medium,medium,5,5,5,300,1,10043
lego,0.08665335994156814,2.6279697523940535,0.08665335994156814,0.0,0.124541336,0.0,2.194702952686213,"{'congested': False, 'oom': False}",scale_stability,medium,medium,5,5,5,300,1,10043
drs,0.13681254361503747,2.6279697523940535,0.0866533599415681,0.05015918367346939,0.124541336,0.0,1.9439070343188662,"{'congested': False, 'oom': False}",scale_stability,medium,medium,5,5,5,300,1,10043
our,0.2013263994392083,4.5589297356196985,0.17069306610587495,0.030633333333333335,0.2677699453333333,0.0,3.5522977384236567,"{'congested': False, 'oom': False}",scale_stability,medium,medium,5,5,5,300,2,10044
ffd-m,0.06354516173107556,2.0249355263976323,0.06354516173107556,0.0,0.078280788,0.0,1.7072097177422545,"{'congested': False, 'oom': False}",scale_stability,medium,medium,5,5,5,300,2,10044
cds-m,0.06354516173107556,2.0249355263976323,0.06354516173107556,0.0,0.078280788,0.0,1.7072097177422545,"{'congested': False, 'oom': False}",scale_stability,medium,medium,5,5,5,300,2,10044
random-m,0.11874516173107556,2.0249355263976323,0.06354516173107556,0.0552,0.078280788,0.0,1.4312097177422545,"{'congested': False, 'oom': False}",scale_stability,medium,medium,5,5,5,300,2,10044
greedy-m,0.10699516173107557,2.0249355263976323,0.06354516173107556,0.04345,0.078280788,0.0,1.4899597177422543,"{'congested': False, 'oom': False}",scale_stability,medium,medium,5,5,5,300,2,10044
lego,0.06354516173107556,2.0249355263976323,0.06354516173107556,0.0,0.078280788,0.0,1.7072097177422545,"{'congested': False, 'oom': False}",scale_stability,medium,medium,5,5,5,300,2,10044
drs,0.12719516173107556,2.0249355263976323,0.06354516173107556,0.06365,0.078280788,0.0,1.3889597177422544,"{'congested': False, 'oom': False}",scale_stability,medium,medium,5,5,5,300,2,10044
our,0.13493611549565543,4.557135962909128,0.12996944882898875,0.004966666666666666,0.238384452,0.0,3.882455385430851,"{'congested': False, 'oom': False}",scale_stability,medium,medium,5,5,5,300,3,10045
ffd-m,0.019794111423309467,2.1094105869509248,0.019794111423309467,0.0,0.06286060533333333,0.0,2.0104400298343776,"{'congested': False, 'oom': False}",scale_stability,medium,medium,5,5,5,300,3,10045
cds-m,0.019794111423309467,2.1094105869509248,0.019794111423309467,0.0,0.06286060533333333,0.0,2.0104400298343776,"{'congested': False, 'oom': False}",scale_stability,medium,medium,5,5,5,300,3,10045
random-m,0.08652744475664279,2.1094105869509248,0.01979411142330946,0.06673333333333333,0.06286060533333333,0.0,1.6767733631677109,"{'congested': False, 'oom': False}",scale_stability,medium,medium,5,5,5,300,3,10045
greedy-m,0.09292744475664279,2.1094105869509248,0.01979411142330946,0.07313333333333333,0.06286060533333333,0.0,1.6447733631677108,"{'congested': False, 'oom': False}",scale_stability,medium,medium,5,5,5,300,3,10045
lego,0.019794111423309467,2.1094105869509248,0.019794111423309467,0.0,0.06286060533333333,0.0,2.0104400298343776,"{'congested': False, 'oom': False}",scale_stability,medium,medium,5,5,5,300,3,10045
drs,0.07797188920108723,2.1094105869509248,0.01979411142330946,0.05817777777777777,0.06286060533333333,0.0,1.7195511409454887,"{'congested': False, 'oom': False}",scale_stability,medium,medium,5,5,5,300,3,10045
our,0.13828440015283458,4.553880285108911,0.13828440015283458,0.0,0.17810146666666668,0.0,3.862458284344738,"{'congested': False, 'oom': False}",scale_stability,medium,medium,5,5,5,300,4,10046
ffd-m,0.01482577261303054,2.252076471601299,0.01482577261303054,0.0,0.03202024,0.0,2.1779476085361464,"{'congested': False, 'oom': False}",scale_stability,medium,medium,5,5,5,300,4,10046
cds-m,0.01482577261303054,2.252076471601299,0.01482577261303054,0.0,0.03202024,0.0,2.1779476085361464,"{'congested': False, 'oom': False}",scale_stability,medium,medium,5,5,5,300,4,10046
random-m,0.07829243927969722,2.252076471601299,0.01482577261303054,0.06346666666666667,0.03202024,0.0,1.860614275202813,"{'congested': False, 'oom': False}",scale_stability,medium,medium,5,5,5,300,4,10046
greedy-m,0.07835910594636387,2.252076471601299,0.01482577261303054,0.06353333333333333,0.03202024,0.0,1.8602809418694797,"{'congested': False, 'oom': False}",scale_stability,medium,medium,5,5,5,300,4,10046
lego,0.01482577261303054,2.252076471601299,0.01482577261303054,0.0,0.03202024,0.0,2.1779476085361464,"{'congested': False, 'oom': False}",scale_stability,medium,medium,5,5,5,300,4,10046
drs,0.055492439279697214,2.252076471601299,0.01482577261303054,0.04066666666666667,0.03202024,0.0,1.974614275202813,"{'congested': False, 'oom': False}",scale_stability,medium,medium,5,5,5,300,4,10046
our,0.16725495058289158,4.521174332340282,0.16042161724955825,0.006833333333333334,0.22485556266666668,0.0,3.684899579425824,"{'congested': False, 'oom': False}",scale_stability,medium,medium,5,5,5,300,5,10047
ffd-m,0.02941665426888262,2.4188878958851046,0.02941665426888262,0.0,0.06286060533333333,0.0,2.2718046245406915,"{'congested': False, 'oom': False}",scale_stability,medium,medium,5,5,5,300,5,10047
cds-m,0.02941665426888262,2.4188878958851046,0.02941665426888262,0.0,0.06286060533333333,0.0,2.2718046245406915,"{'congested': False, 'oom': False}",scale_stability,medium,medium,5,5,5,300,5,10047
random-m,0.0885944320466604,2.4188878958851046,0.029416654268882618,0.05917777777777778,0.06286060533333333,0.0,1.9759157356518027,"{'congested': False, 'oom': False}",scale_stability,medium,medium,5,5,5,300,5,10047
greedy-m,0.09483887649110484,2.4188878958851046,0.029416654268882618,0.06542222222222223,0.06286060533333333,0.0,1.9446935134295804,"{'congested': False, 'oom': False}",scale_stability,medium,medium,5,5,5,300,5,10047
lego,0.02941665426888262,2.4188878958851046,0.02941665426888262,0.0,0.06286060533333333,0.0,2.2718046245406915,"{'congested': False, 'oom': False}",scale_stability,medium,medium,5,5,5,300,5,10047
drs,0.08432776537999373,2.4188878958851046,0.029416654268882618,0.05491111111111112,0.06286060533333333,0.0,1.9972490689851359,"{'congested': False, 'oom': False}",scale_stability,medium,medium,5,5,5,300,5,10047
our,0.18673799232893207,4.456763362837996,0.17486599232893207,0.011872,0.24813890266666666,0.0,3.5230734011933356,"{'congested': False, 'oom': False}",scale_stability,medium,medium,5,5,5,300,6,10048
ffd-m,0.03431071876267195,2.484245217708062,0.03431071876267195,0.0,0.078280788,0.0,2.312691623894702,"{'congested': False, 'oom': False}",scale_stability,medium,medium,5,5,5,300,6,10048
cds-m,0.03431071876267195,2.484245217708062,0.03431071876267195,0.0,0.078280788,0.0,2.312691623894702,"{'congested': False, 'oom': False}",scale_stability,medium,medium,5,5,5,300,6,10048
random-m,0.09029405209600527,2.484245217708062,0.03431071876267195,0.05598333333333333,0.078280788,0.0,2.0327749572280354,"{'congested': False, 'oom': False}",scale_stability,medium,medium,5,5,5,300,6,10048
greedy-m,0.09379405209600528,2.484245217708062,0.03431071876267195,0.05948333333333333,0.078280788,0.0,2.0152749572280353,"{'congested': False, 'oom': False}",scale_stability,medium,medium,5,5,5,300,6,10048
lego,0.03431071876267195,2.484245217708062,0.03431071876267195,0.0,0.078280788,0.0,2.312691623894702,"{'congested': False, 'oom': False}",scale_stability,medium,medium,5,5,5,300,6,10048
drs,0.07927738542933863,2.484245217708062,0.03431071876267195,0.04496666666666667,0.078280788,0.0,2.0878582905613685,"{'congested': False, 'oom': False}",scale_stability,medium,medium,5,5,5,300,6,10048
our,0.27284841241448327,4.50405472522435,0.24334841241448324,0.029500000000000002,0.300930856,0.0,3.1398126631519334,"{'congested': False, 'oom': False}",scale_stability,medium,medium,5,5,5,300,7,10049
ffd-m,0.07072268907364664,2.497711472149477,0.07072268907364664,0.0,0.10912115333333333,0.0,2.144098026781244,"{'congested': False, 'oom': False}",scale_stability,medium,medium,5,5,5,300,7,10049
cds-m,0.07072268907364664,2.497711472149477,0.07072268907364664,0.0,0.10912115333333333,0.0,2.144098026781244,"{'congested': False, 'oom': False}",scale_stability,medium,medium,5,5,5,300,7,10049
random-m,0.13081157796253554,2.497711472149477,0.07072268907364664,0.06008888888888889,0.10912115333333333,0.0,1.8436535823367994,"{'congested': False, 'oom': False}",scale_stability,medium,medium,5,5,5,300,7,10049
greedy-m,0.13120046685142442,2.4977114721494766,0.07072268907364664,0.06047777777777778,0.10912115333333333,0.0,1.8417091378923547,"{'congested': False, 'oom': False}",scale_stability,medium,medium,5,5,5,300,7,10049
lego,0.07072268907364664,2.497711472149477,0.07072268907364664,0.0,0.10912115333333333,0.0,2.144098026781244,"{'congested': False, 'oom': False}",scale_stability,medium,medium,5,5,5,300,7,10049
drs,0.12480046685142442,2.4977114721494766,0.07072268907364664,0.05407777777777778,0.10912115333333333,0.0,1.8737091378923547,"{'congested': False, 'oom': False}",scale_stability,medium,medium,5,5,5,300,7,10049
our,0.28788973215311764,4.4438302126625135,0.24876380622719169,0.039125925925925925,0.33290191733333335,0.0,3.0043815518969255,"{'congested': False, 'oom': False}",scale_stability,medium,medium,5,5,5,300,8,10050
ffd-m,0.07567253830685763,2.55205302392244,0.07567253830685763,0.0,0.124541336,0.0,2.173690332388152,"{'congested': False, 'oom': False}",scale_stability,medium,medium,5,5,5,300,8,10050
cds-m,0.07567253830685763,2.55205302392244,0.07567253830685763,0.0,0.124541336,0.0,2.173690332388152,"{'congested': False, 'oom': False}",scale_stability,medium,medium,5,5,5,300,8,10050
random-m,0.1289677764020957,2.55205302392244,0.0756725383068576,0.0532952380952381,0.124541336,0.0,1.9072141419119615,"{'congested': False, 'oom': False}",scale_stability,medium,medium,5,5,5,300,8,10050
greedy-m,0.12138682402114329,2.55205302392244,0.07567253830685758,0.045714285714285714,0.124541336,0.0,1.9451189038167236,"{'congested': False, 'oom': False}",scale_stability,medium,medium,5,5,5,300,8,10050
lego,0.07567253830685763,2.55205302392244,0.07567253830685763,0.0,0.124541336,0.0,2.173690332388152,"{'congested': False, 'oom': False}",scale_stability,medium,medium,5,5,5,300,8,10050
drs,0.13180587164019092,2.55205302392244,0.07567253830685758,0.056133333333333334,0.124541336,0.0,1.8930236657214854,"{'congested': False, 'oom': False}",scale_stability,medium,medium,5,5,5,300,8,10050
our,0.20357339441866545,4.463098951127026,0.16211114952070627,0.04146224489795918,0.2948929986666667,0.0,3.4452319790336983,"{'congested': False, 'oom': False}",scale_stability,medium,medium,5,5,5,300,9,10051
ffd-m,0.05765799208858366,2.407314241422255,0.05765799208858366,0.0,0.09370097066666666,0.0,2.1190242809793367,"{'congested': False, 'oom': False}",scale_stability,medium,medium,5,5,5,300,9,10051
cds-m,0.05765799208858366,2.407314241422255,0.05765799208858366,0.0,0.09370097066666666,0.0,2.1190242809793367,"{'congested': False, 'oom': False}",scale_stability,medium,medium,5,5,5,300,9,10051
random-m,0.10947399208858366,2.407314241422255,0.05765799208858366,0.05181600000000001,0.09370097066666666,0.0,1.8599442809793367,"{'congested': False, 'oom': False}",scale_stability,medium,medium,5,5,5,300,9,10051
greedy-m,0.122591325421917,2.407314241422255,0.05765799208858366,0.06493333333333334,0.09370097066666666,0.0,1.79435761431267,"{'congested': False, 'oom': False}",scale_stability,medium,medium,5,5,5,300,9,10051
lego,0.05765799208858366,2.407314241422255,0.05765799208858366,0.0,0.09370097066666666,0.0,2.1190242809793367,"{'congested': False, 'oom': False}",scale_stability,medium,medium,5,5,5,300,9,10051
drs,0.12374065875525034,2.407314241422255,0.05765799208858366,0.06608266666666668,0.09370097066666666,0.0,1.7886109476460033,"{'congested': False, 'oom': False}",scale_stability,medium,medium,5,5,5,300,9,10051
our,0.47478358640263013,6.238087937475119,0.41100277537692115,0.06378081102570898,0.6245875923809524,0.0,3.8641700054619683,"{'congested': False, 'oom': False}",scale_stability,large,large,7,7,7,350,0,20042
ffd-m,0.19751999350135055,4.183241556495682,0.16670170778706483,0.03081828571428571,0.3449570047619048,0.0,3.1956415889889294,"{'congested': False, 'oom': False}",scale_stability,large,large,7,7,7,350,0,20042
cds-m,0.19751999350135055,4.183241556495682,0.16670170778706483,0.03081828571428571,0.3449570047619048,0.0,3.1956415889889294,"{'congested': False, 'oom': False}",scale_stability,large,large,7,7,7,350,0,20042
random-m,0.2379128506442077,4.183241556495682,0.16670170778706483,0.07121114285714288,0.3449570047619048,0.0,2.9936773032746435,"{'congested': False, 'oom': False}",scale_stability,large,large,7,7,7,350,0,20042
greedy-m,0.2431431363584934,4.183241556495682,0.16670170778706483,0.07644142857142858,0.3449570047619048,0.0,2.967525874703215,"{'congested': False, 'oom': False}",scale_stability,large,large,7,7,7,350,0,20042
lego,0.19751999350135055,4.183241556495682,0.16670170778706483,0.03081828571428571,0.3449570047619048,0.0,3.1956415889889294,"{'congested': False, 'oom': False}",scale_stability,large,large,7,7,7,350,0,20042
drs,0.23976427921563626,4.183241556495682,0.16670170778706483,0.07306257142857142,0.3449570047619048,0.0,2.9844201604175007,"{'congested': False, 'oom': False}",scale_stability,large,large,7,7,7,350,0,20042
our,0.4156346827207067,6.350005372431523,0.3308407779588019,0.08479390476190476,0.7770260704761904,0.0,4.27183195882799,"{'congested': False, 'oom': False}",scale_stability,large,large,7,7,7,350,1,20043
ffd-m,0.2964617401270396,4.292210527314776,0.21727161667024944,0.07919012345679013,0.48042841714285717,0.0,2.809901826679578,"{'congested': False, 'oom': False}",scale_stability,large,large,7,7,7,350,1,20043
cds-m,0.2818277265215974,4.292210527314776,0.21727161667024944,0.06455610985134795,0.48042841714285717,0.0,2.883071894706789,"{'congested': False, 'oom': False}",scale_stability,large,large,7,7,7,350,1,20043
random-m,0.31097753755712265,4.292210527314776,0.21727161667024936,0.09370592088687327,0.48042841714285717,0.0,2.7373228395291624,"{'congested': False, 'oom': False}",scale_stability,large,large,7,7,7,350,1,20043
greedy-m,0.3198139195173141,4.292210527314776,0.21727161667024933,0.10254230284706475,0.48042841714285717,0.0,2.693140929728205,"{'congested': False, 'oom': False}",scale_stability,large,large,7,7,7,350,1,20043
lego,0.2818277265215974,4.292210527314776,0.21727161667024944,0.06455610985134795,0.48042841714285717,0.0,2.883071894706789,"{'congested': False, 'oom': False}",scale_stability,large,large,7,7,7,350,1,20043
drs,0.3122977693535449,4.292210527314776,0.21727161667024936,0.09502615268329556,0.48042841714285717,0.0,2.730721680547051,"{'congested': False, 'oom': False}",scale_stability,large,large,7,7,7,350,1,20043
our,0.5163411730285214,6.217809334876555,0.4316989062044365,0.08464226682408499,0.7569243990476191,0.0,3.6361034697339476,"{'congested': False, 'oom': False}",scale_stability,large,large,7,7,7,350,2,20044
ffd-m,0.23129400583934762,4.417985733244505,0.18744579155363333,0.043848214285714296,0.4376329180952381,0.0,3.261515704047767,"{'congested': False, 'oom': False}",scale_stability,large,large,7,7,7,350,2,20044
cds-m,0.23129400583934762,4.417985733244505,0.18744579155363333,0.043848214285714296,0.4376329180952381,0.0,3.261515704047767,"{'congested': False, 'oom': False}",scale_stability,large,large,7,7,7,350,2,20044
random-m,0.27375432329966504,4.417985733244505,0.1874457915536333,0.08630853174603174,0.4376329180952381,0.0,3.04921411674618,"{'congested': False, 'oom': False}",scale_stability,large,large,7,7,7,350,2,20044
greedy-m,0.28151543441077614,4.417985733244505,0.18744579155363328,0.09406964285714285,0.4376329180952381,0.0,3.010408561190624,"{'congested': False, 'oom': False}",scale_stability,large,large,7,7,7,350,2,20044
lego,0.23129400583934762,4.417985733244505,0.18744579155363333,0.043848214285714296,0.4376329180952381,0.0,3.261515704047767,"{'congested': False, 'oom': False}",scale_stability,large,large,7,7,7,350,2,20044
drs,0.2754404344107762,4.417985733244505,0.18744579155363333,0.08799464285714287,0.4376329180952381,0.0,3.040783561190624,"{'congested': False, 'oom': False}",scale_stability,large,large,7,7,7,350,2,20044
our,0.5120309518102726,6.250402916126127,0.4176186731798121,0.09441227863046046,0.7299549866666667,0.0,3.6902481570747643,"{'congested': False, 'oom': False}",scale_stability,large,large,7,7,7,350,3,20045
ffd-m,0.2641279299702241,4.393559601057071,0.21397872362101777,0.050149206349206346,0.4266185019047619,0.0,3.072919951205951,"{'congested': False, 'oom': False}",scale_stability,large,large,7,7,7,350,3,20045
cds-m,0.2640707871130812,4.393559601057071,0.21397872362101772,0.050092063492063486,0.4266185019047619,0.0,3.0732056654916655,"{'congested': False, 'oom': False}",scale_stability,large,large,7,7,7,350,3,20045
random-m,0.31292039028768437,4.393559601057072,0.21397872362101772,0.09894166666666666,0.4266185019047619,0.0,2.8289576496186504,"{'congested': False, 'oom': False}",scale_stability,large,large,7,7,7,350,3,20045
greedy-m,0.2919297156845097,4.393559601057072,0.21397872362101772,0.077950992063492,0.4266185019047619,0.0,2.9339110226345237,"{'congested': False, 'oom': False}",scale_stability,large,large,7,7,7,350,3,20045
lego,0.2640707871130812,4.393559601057071,0.21397872362101772,0.050092063492063486,0.4266185019047619,0.0,3.0732056654916655,"{'congested': False, 'oom': False}",scale_stability,large,large,7,7,7,350,3,20045
drs,0.31151642203371616,4.393559601057072,0.21397872362101775,0.09753769841269841,0.4266185019047619,0.0,2.8359774908884914,"{'congested': False, 'oom': False}",scale_stability,large,large,7,7,7,350,3,20045
our,0.48091393341190125,6.27388318014911,0.3930187905547584,0.08789514285714287,0.7662177371428571,0.0,3.869313513089604,"{'congested': False, 'oom': False}",scale_stability,large,large,7,7,7,350,4,20046
ffd-m,0.2857786669631337,4.198319023658635,0.2139807806657576,0.07179788629737609,0.4156040857142857,0.0,2.7694256888429662,"{'congested': False, 'oom': False}",scale_stability,large,large,7,7,7,350,4,20046
cds-m,0.2857786669631337,4.198319023658635,0.2139807806657576,0.07179788629737609,0.4156040857142857,0.0,2.7694256888429662,"{'congested': False, 'oom': False}",scale_stability,large,large,7,7,7,350,4,20046
random-m,0.31485454159870224,4.198319023658635,0.21398078066575763,0.10087376093294463,0.4156040857142857,0.0,2.6240463156651233,"{'congested': False, 'oom': False}",scale_stability,large,large,7,7,7,350,4,20046
greedy-m,0.31582706346459144,4.198319023658635,0.2139807806657576,0.10184628279883386,0.4156040857142857,0.0,2.6191837063356775,"{'congested': False, 'oom': False}",scale_stability,large,large,7,7,7,350,4,20046
lego,0.2857786669631337,4.198319023658635,0.2139807806657576,0.07179788629737609,0.4156040857142857,0.0,2.7694256888429662,"{'congested': False, 'oom': False}",scale_stability,large,large,7,7,7,350,4,20046
drs,0.3163299060301891,4.198319023658635,0.21398078066575763,0.1023491253644315,0.4156040857142857,0.0,2.616669493507689,"{'congested': False, 'oom': False}",scale_stability,large,large,7,7,7,350,4,20046
our,0.5531266798859729,6.294199767801793,0.46711257053853017,0.08601410934744269,0.9120545219047619,0.0,3.528566368371928,"{'congested': False, 'oom': False}",scale_stability,large,large,7,7,7,350,5,20047
ffd-m,0.3422254348287734,4.319927363151361,0.2669760062573448,0.07524942857142858,0.5296777485714286,0.0,2.6088001890074946,"{'congested': False, 'oom': False}",scale_stability,large,large,7,7,7,350,5,20047
cds-m,0.34121686340020196,4.319927363151361,0.2669760062573448,0.07424085714285714,0.5296777485714286,0.0,2.6138430461503512,"{'congested': False, 'oom': False}",scale_stability,large,large,7,7,7,350,5,20047
random-m,0.36292368879702736,4.319927363151361,0.2669760062573448,0.09594768253968254,0.5296777485714286,0.0,2.5053089191662243,"{'congested': False, 'oom': False}",scale_stability,large,large,7,7,7,350,5,20047
greedy-m,0.36339749832083684,4.319927363151361,0.2669760062573448,0.09642149206349204,0.5296777485714286,0.0,2.502939871547177,"{'congested': False, 'oom': False}",scale_stability,large,large,7,7,7,350,5,20047
lego,0.34121686340020196,4.319927363151361,0.2669760062573448,0.07424085714285714,0.5296777485714286,0.0,2.6138430461503512,"{'congested': False, 'oom': False}",scale_stability,large,large,7,7,7,350,5,20047
drs,0.35225153006686855,4.319927363151361,0.26697600625734474,0.0852755238095238,0.5296777485714286,0.0,2.558669712817019,"{'congested': False, 'oom': False}",scale_stability,large,large,7,7,7,350,5,20047
our,0.3166523853643786,6.334421294804542,0.2646238139358072,0.052028571428571424,0.574726218095238,0.0,4.751159367982649,"{'congested': False, 'oom': False}",scale_stability,large,large,7,7,7,350,6,20048
ffd-m,0.16098428131876996,3.7872300644866272,0.13802999560448426,0.022954285714285715,0.27367884095238093,0.0,2.9823086578927773,"{'congested': False, 'oom': False}",scale_stability,large,large,7,7,7,350,6,20048
cds-m,0.16098428131876996,3.7872300644866272,0.13802999560448426,0.022954285714285715,0.27367884095238093,0.0,2.9823086578927773,"{'congested': False, 'oom': False}",scale_stability,large,large,7,7,7,350,6,20048
random-m,0.2410195194140081,3.7872300644866272,0.13802999560448426,0.10298952380952384,0.27367884095238093,0.0,2.582132467416587,"{'congested': False, 'oom': False}",scale_stability,large,large,7,7,7,350,6,20048
greedy-m,0.2375195194140081,3.7872300644866272,0.13802999560448426,0.09948952380952383,0.27367884095238093,0.0,2.599632467416587,"{'congested': False, 'oom': False}",scale_stability,large,large,7,7,7,350,6,20048
lego,0.16098428131876996,3.7872300644866272,0.13802999560448426,0.022954285714285715,0.27367884095238093,0.0,2.9823086578927773,"{'congested': False, 'oom': False}",scale_stability,large,large,7,7,7,350,6,20048
drs,0.2312185670330557,3.7872300644866272,0.13802999560448426,0.09318857142857145,0.27367884095238093,0.0,2.6311372293213484,"{'congested': False, 'oom': False}",scale_stability,large,large,7,7,7,350,6,20048
our,0.524255984378802,6.191455798949134,0.4485837293610925,0.07567225501770956,0.745912460952381,0.0,3.5701758770551235,"{'congested': False, 'oom': False}",scale_stability,large,large,7,7,7,350,7,20049
ffd-m,0.26579949390642116,4.331309110341864,0.22817627962070686,0.03762321428571429,0.41041241904761905,0.0,3.002311640809758,"{'congested': False, 'oom': False}",scale_stability,large,large,7,7,7,350,7,20049
cds-m,0.26579949390642116,4.331309110341864,0.22817627962070686,0.03762321428571429,0.41041241904761905,0.0,3.002311640809758,"{'congested': False, 'oom': False}",scale_stability,large,large,7,7,7,350,7,20049
random-m,0.32200485104927823,4.331309110341864,0.22817627962070677,0.09382857142857143,0.41041241904761905,0.0,2.7212848550954725,"{'congested': False, 'oom': False}",scale_stability,large,large,7,7,7,350,7,20049
greedy-m,0.3211737002556274,4.331309110341864,0.22817627962070677,0.09299742063492063,0.41041241904761905,0.0,2.7254406090637264,"{'congested': False, 'oom': False}",scale_stability,large,large,7,7,7,350,7,20049
lego,0.26579949390642116,4.331309110341864,0.22817627962070686,0.03762321428571429,0.41041241904761905,0.0,3.002311640809758,"{'congested': False, 'oom': False}",scale_stability,large,large,7,7,7,350,7,20049
drs,0.32269294628737344,4.331309110341864,0.22817627962070677,0.09451666666666667,0.41041241904761905,0.0,2.7178443789049966,"{'congested': False, 'oom': False}",scale_stability,large,large,7,7,7,350,7,20049
our,0.5266248783429697,6.298643154039331,0.4334112340281009,0.0932136443148688,0.6628679695238096,0.0,3.6655187623244823,"{'congested': False, 'oom': False}",scale_stability,large,large,7,7,7,350,8,20050
ffd-m,0.24427158695204504,3.9787067542497434,0.20119730123775934,0.04307428571428571,0.35597142095238093,0.0,2.7573488194895184,"{'congested': False, 'oom': False}",scale_stability,large,large,7,7,7,350,8,20050
cds-m,0.24427158695204504,3.9787067542497434,0.20119730123775934,0.04307428571428571,0.35597142095238093,0.0,2.7573488194895184,"{'congested': False, 'oom': False}",scale_stability,large,large,7,7,7,350,8,20050
random-m,0.2798677774282355,3.9787067542497434,0.2011973012377593,0.07867047619047618,0.35597142095238093,0.0,2.579367867108566,"{'congested': False, 'oom': False}",scale_stability,large,large,7,7,7,350,8,20050
greedy-m,0.2987865075869656,3.978706754249743,0.2011973012377593,0.0975892063492063,0.35597142095238093,0.0,2.484774216314915,"{'congested': False, 'oom': False}",scale_stability,large,large,7,7,7,350,8,20050
lego,0.24427158695204504,3.9787067542497434,0.20119730123775934,0.04307428571428571,0.35597142095238093,0.0,2.7573488194895184,"{'congested': False, 'oom': False}",scale_stability,large,large,7,7,7,350,8,20050
drs,0.29766428536474343,3.9787067542497434,0.2011973012377593,0.09646698412698412,0.35597142095238093,0.0,2.490385327426026,"{'congested': False, 'oom': False}",scale_stability,large,large,7,7,7,350,8,20050
our,0.4683117143749562,6.267126732363109,0.3913085397717816,0.0770031746031746,0.6522851866666667,0.0,3.9255681604883277,"{'congested': False, 'oom': False}",scale_stability,large,large,7,7,7,350,9,20051
ffd-m,0.25019599721779595,4.011274105572059,0.2031801242019229,0.04701587301587302,0.33394258857142856,0.0,2.760294119483079,"{'congested': False, 'oom': False}",scale_stability,large,large,7,7,7,350,9,20051
cds-m,0.25019599721779595,4.011274105572059,0.2031801242019229,0.04701587301587302,0.33394258857142856,0.0,2.760294119483079,"{'congested': False, 'oom': False}",scale_stability,large,large,7,7,7,350,9,20051
random-m,0.2848152392003032,4.011274105572059,0.2031801242019229,0.0816351149983803,0.33394258857142856,0.0,2.587197909570543,"{'congested': False, 'oom': False}",scale_stability,large,large,7,7,7,350,9,20051
greedy-m,0.2707819382608798,4.011274105572059,0.2031801242019229,0.06760181405895692,0.33394258857142856,0.0,2.6573644142676596,"{'congested': False, 'oom': False}",scale_stability,large,large,7,7,7,350,9,20051
lego,0.25019599721779595,4.011274105572059,0.2031801242019229,0.04701587301587302,0.33394258857142856,0.0,2.760294119483079,"{'congested': False, 'oom': False}",scale_stability,large,large,7,7,7,350,9,20051
drs,0.2903382064824542,4.011274105572059,0.2031801242019229,0.08715808228053126,0.33394258857142856,0.0,2.559583073159788,"{'congested': False, 'oom': False}",scale_stability,large,large,7,7,7,350,9,20051
